ngay,muc_nuoc_ho,luu_luong_den,luu_luong_xa
01/01/2016,486.41,43.04,45.3
02/01/2016,486.45,36.96,45.3
03/01/2016,486.46,41.75,36.7
04/01/2016,486.45,35.33,42.5
05/01/2016,486.39,39.08,82.3
06/01/2016,486.29,33.33,109.6
07/01/2016,486.15,34.13,59.1
08/01/2016,486.1,34.42,50.7
09/01/2016,486.04,29.71,69.8
10/01/2016,485.95,34.5,62.4
11/01/2016,485.84,24.54,128.4
12/01/2016,485.62,29.96,97.4
13/01/2016,485.51,30.13,49.6
14/01/2016,485.44,28.17,82.5
15/01/2016,485.31,25.92,104.9
16/01/2016,485.17,36.13,63.2
17/01/2016,485.13,40.04,46.3
18/01/2016,485.1,28.25,54.2
19/01/2016,485.04,30.29,51
20/01/2016,484.99,35.04,48.9
21/01/2016,484.96,34.38,49
22/01/2016,484.9,34.63,60.3
23/01/2016,484.83,34.92,50
24/01/2016,484.8,27.25,27.2
25/01/2016,484.76,21.58,57.6
26/01/2016,484.66,14.92,43.9
27/01/2016,484.57,14.79,45.1
28/01/2016,484.48,14.83,55.2
29/01/2016,484.35,15.13,57.8
30/01/2016,484.22,14.88,58
31/01/2016,484.11,20.38,52
01/02/2016,483.99,15.42,59.7
02/02/2016,483.87,12,48
03/02/2016,483.76,12.25,52.3
04/02/2016,483.68,16.5,44.8
05/02/2016,483.63,14.04,27.2
06/02/2016,483.58,14.38,33.7
07/02/2016,483.52,14.38,41
08/02/2016,483.45,10.58,25
09/02/2016,483.41,13.42,25.5
10/02/2016,483.38,17.33,35.6
11/02/2016,483.3,16.67,46.1
12/02/2016,483.21,12.5,44
13/02/2016,483.11,12,45.4
14/02/2016,483.01,14.58,49.3
15/02/2016,482.91,19.21,48
16/02/2016,482.83,21.13,52.6
17/02/2016,482.73,20.79,54.3
18/02/2016,482.63,20.58,49.3
19/02/2016,482.55,21.96,45.7
20/02/2016,482.47,20.5,47.7
21/02/2016,482.38,20.83,73
22/02/2016,482.24,17.5,47.9
23/02/2016,482.1,19.33,97.2
24/02/2016,481.91,20.46,49.1
25/02/2016,481.81,11.21,48.4
26/02/2016,481.71,16.79,48
27/02/2016,481.62,21.67,48
28/02/2016,481.55,22.96,44.6
29/02/2016,481.48,17.67,45.6
01/03/2016,481.39,15.79,48.3
02/03/2016,481.31,32.71,45.1
03/03/2016,481.25,17.5,56.5
04/03/2016,481.13,20.58,53.3
05/03/2016,481.02,10.68,51.6
06/03/2016,480.92,25.5,56
07/03/2016,480.8,2.28,54.6
08/03/2016,480.7,29.36,50.4
09/03/2016,480.59,4.16,50.8
10/03/2016,480.48,20.93,53.2
11/03/2016,480.36,11.93,50.6
12/03/2016,480.29,20.22,51
13/03/2016,480.16,20.58,51.5
14/03/2016,480.04,1.27,50.4
15/03/2016,479.92,28.12,50.9
16/03/2016,479.82,21.14,51.4
17/03/2016,479.69,19.9,51.3
18/03/2016,479.58,22.96,52.5
19/03/2016,479.46,20.76,51.8
20/03/2016,479.37,18.62,50.8
21/03/2016,479.22,17.83,53.5
22/03/2016,479.09,18.82,51.5
23/03/2016,478.97,20.37,51.9
24/03/2016,478.83,17.01,52.1
25/03/2016,478.71,22.15,59.7
26/03/2016,478.56,21.74,65.9
27/03/2016,478.39,20.21,60.9
28/03/2016,478.22,17.66,64.4
29/03/2016,478.05,20.16,62.6
30/03/2016,477.87,5.93,69.4
31/03/2016,477.64,27.79,85.2
01/04/2016,477.42,16.4,59.4
02/04/2016,477.24,12.96,58.5
03/04/2016,477.08,4.39,55.3
04/04/2016,476.9,11.54,55.1
05/04/2016,476.69,0.07,57
06/04/2016,476.53,20.4,56.1
07/04/2016,476.39,21.24,55.5
08/04/2016,476.23,16.97,62.2
09/04/2016,476.06,14,54.6
10/04/2016,475.9,12.75,54.4
11/04/2016,475.72,8.84,56.5
12/04/2016,475.56,12.68,50.1
13/04/2016,475.42,9.17,51.3
14/04/2016,475.26,21.95,55.1
15/04/2016,475.09,10.45,55.7
16/04/2016,474.95,20.98,55.9
17/04/2016,474.77,13.59,65.7
18/04/2016,474.54,25.79,53.9
19/04/2016,474.4,24.9,64.1
20/04/2016,474.22,23.6,64.5
21/04/2016,474.03,13.82,50.7
22/04/2016,473.88,18.51,52.4
23/04/2016,473.7,21.99,52.9
24/04/2016,473.56,16.08,50.6
25/04/2016,473.39,17.13,59.1
26/04/2016,473.19,20.28,57.3
27/04/2016,473.04,17.91,51.8
28/04/2016,472.88,20.7,51.7
29/04/2016,472.74,19.22,50.7
30/04/2016,472.61,17.03,52.6
01/05/2016,472.45,21.17,54
02/05/2016,472.29,26.45,54.3
03/05/2016,472.15,24.94,62.7
04/05/2016,471.99,22.44,47.6
05/05/2016,471.9,36.1,50.1
06/05/2016,471.78,33.24,74.2
07/05/2016,471.57,24.5,75.6
08/05/2016,471.2,14.96,60.8
09/05/2016,471.2,14.96,60.8
10/05/2016,471,23.15,66.3
11/05/2016,470.8,19.58,69.7
12/05/2016,470.59,26.23,67.9
13/05/2016,470.41,32.9,60.6
14/05/2016,470.3,31.76,56.4
15/05/2016,470.19,24.97,50
16/05/2016,470.02,17.68,52.2
17/05/2016,469.87,22.24,51.1
18/05/2016,469.71,23.58,55
19/05/2016,469.56,27.28,52.2
20/05/2016,469.44,36.76,54.9
21/05/2016,469.34,33.92,54.3
22/05/2016,469.33,71.5,49.2
23/05/2016,469.49,85.1,53.7
24/05/2016,469.57,51.77,50.7
25/05/2016,469.55,41.46,50.3
26/05/2016,469.48,38.65,51.7
27/05/2016,469.43,48.45,51.5
28/05/2016,469.44,48.37,54.3
29/05/2016,469.41,32.01,23.1
30/05/2016,469.39,30.92,62.6
31/05/2016,469.26,42.9,52
01/06/2016,469.22,50.33,56.3
02/06/2016,469.2,50.2,54.5
03/06/2016,469.16,48.84,58.1
04/06/2016,469.11,44.71,53.2
05/06/2016,469.07,36.51,50.1
06/06/2016,468.94,31.27,55.8
07/06/2016,468.88,73.18,69.1
08/06/2016,468.97,88,72
09/06/2016,468.97,53.11,55.1
10/06/2016,468.9,45.49,63.9
11/06/2016,468.82,44.23,57.3
12/06/2016,468.77,44.39,47.7
13/06/2016,468.6,48.66,63.1
14/06/2016,468.6,48.66,63.1
15/06/2016,468.51,37.33,52.7
16/06/2016,468.43,35.31,53.9
17/06/2016,468.34,41.67,55.6
18/06/2016,468.32,55.42,53.3
19/06/2016,468.31,41.86,52.3
20/06/2016,468.2,37.44,53
21/06/2016,468.22,68.23,53.8
22/06/2016,468.27,57.88,53.5
23/06/2016,468.3,61.83,44.2
24/06/2016,468.38,53.66,55.2
25/06/2016,468.35,48.81,53.4
26/06/2016,468.38,78.66,52.5
27/06/2016,468.77,170.84,50.7
28/06/2016,469.36,132.47,53.6
29/06/2016,469.67,96.52,62.6
30/06/2016,469.78,73.87,63.9
01/07/2016,469.81,69.47,61.8
02/07/2016,469.81,49.72,56.1
03/07/2016,469.8,45.06,50.9
04/07/2016,469.74,48.99,55.5
05/07/2016,469.7,75.81,66.2
06/07/2016,469.88,101.39,56
07/07/2016,469.99,80.7,56.6
08/07/2016,470.1,60.01,57.2
09/07/2016,470.02,45.19,90.9
10/07/2016,469.9,57.8,33
11/07/2016,469.92,74.38,110.1
12/07/2016,469.66,58.68,119.1
13/07/2016,469.38,56.48,113.5
14/07/2016,468.93,52.46,147.6
15/07/2016,468.39,69.02,149.9
16/07/2016,468.14,70.2,110
17/07/2016,468.01,65.73,82.1
18/07/2016,467.93,74.41,77.5
19/07/2016,468,128.58,77.2
20/07/2016,468.23,108.76,101.8
21/07/2016,468.22,104.67,119.9
22/07/2016,468.08,123.62,140.7
23/07/2016,468.1,104.63,83.1
24/07/2016,468.22,102.01,78.3
25/07/2016,468.26,84.99,115.3
26/07/2016,468.01,95.76,143.4
27/07/2016,467.72,91.09,144.9
28/07/2016,467.74,80.08,142.6
29/07/2016,467.13,66.94,123.4
30/07/2016,466.87,69.2,107.3
31/07/2016,466.79,68.4,51.2
01/08/2016,466.61,74.46,109.1
02/08/2016,466.63,93.21,90.8
03/08/2016,466.79,135.98,91.6
04/08/2016,466.87,87.72,107.8
05/08/2016,466.76,78.15,84.5
06/08/2016,466.8,91.85,71.7
07/08/2016,466.95,88.05,66.1
08/08/2016,466.99,84.31,107.3
09/08/2016,466.67,69.8,132.9
10/08/2016,466.36,67.69,122.7
11/08/2016,466.21,86.55,96.9
12/08/2016,466.16,87.83,90.4
13/08/2016,466.19,75.32,46.1
14/08/2016,466.43,81.72,30.5
15/08/2016,466.57,74.97,79
16/08/2016,466.55,78.79,83.8
17/08/2016,466.5,80.65,95.7
18/08/2016,466.42,100.96,109.3
19/08/2016,466.45,100.25,90.4
20/08/2016,466.49,93.69,71.8
21/08/2016,466.72,107.67,56.6
22/08/2016,467.09,183.42,86.4
23/08/2016,467.57,176.83,110.1
24/08/2016,467.85,154.73,108.1
25/08/2016,467.94,131.38,149.3
26/08/2016,467.72,113.9,164.8
27/08/2016,467.43,102.6,159
28/08/2016,467.29,96.94,94.9
29/08/2016,467.21,94.41,139.8
30/08/2016,466.86,91.86,164
31/08/2016,466.72,90.49,68
01/09/2016,466.75,82.4,95
02/09/2016,466.8,74.51,47
03/09/2016,466.87,72.88,81
04/09/2016,466.81,69.33,99.3
05/09/2016,466.56,76.88,132.2
06/09/2016,466.11,67.93,162.6
07/09/2016,465.85,70.41,77.4
08/09/2016,465.85,74.2,64.8
09/09/2016,465.91,69.97,51.5
10/09/2016,466.03,79.33,59.1
11/09/2016,466.18,72.74,42.1
12/09/2016,466.18,72.74,42.1
13/09/2016,466.91,169.6,6.2
14/09/2016,467.64,111.84,0
15/09/2016,468.22,123.99,21.1
16/09/2016,468.8,121.3,9.9
17/09/2016,469.33,97.39,19.7
18/09/2016,469.76,100.38,16.8
19/09/2016,470.21,115.22,18.6
20/09/2016,470.68,154.73,28.7
21/09/2016,471.31,174.04,29.9
22/09/2016,472.01,184.55,28.8
23/09/2016,472.7,145.05,31.9
24/09/2016,473.14,130.06,29.2
25/09/2016,473.71,169.67,21.4
26/09/2016,474.49,188.45,29.7
27/09/2016,475.09,157.49,36.9
28/09/2016,475.53,155.67,34.8
29/09/2016,476.06,183.46,28.2
30/09/2016,476.75,222,32
01/10/2016,477.35,163.04,37.1
02/10/2016,477.79,151.81,44.5
03/10/2016,478.25,175.45,34.8
04/10/2016,478.73,140.58,35.3
05/10/2016,479.16,149.83,34.6
06/10/2016,479.61,152.9,35
07/10/2016,480.06,171.3,35.3
08/10/2016,480.49,184.84,31.5
09/10/2016,481.17,301.56,24.9
10/10/2016,481.84,249.61,34.3
11/10/2016,482.51,264.55,75.8
12/10/2016,483.03,199.16,51
13/10/2016,483.4,186.61,79.3
14/10/2016,483.8,192.37,42.3
15/10/2016,484.21,232.37,112.7
16/10/2016,484.37,201.69,171.8
17/10/2016,484.61,219.91,134.3
18/10/2016,484.8,179.67,135.5
19/10/2016,484.85,212.84,181.7
20/10/2016,484.99,250.75,184.7
21/10/2016,485.18,263.6,184
22/10/2016,485.32,220.8,184
23/10/2016,485.47,294.4,184
24/10/2016,485.71,255.81,182
25/10/2016,485.83,213.17,182
26/10/2016,485.88,193.02,183.2
27/10/2016,485.87,173.29,184
28/10/2016,485.85,167.88,184
29/10/2016,485.8,172.7,184
30/10/2016,485.78,171.13,177.5
31/10/2016,485.86,160.67,132.8
01/11/2016,485.8,141.76,184
02/11/2016,485.7,147.67,183.4
03/11/2016,485.72,344,178.1
04/11/2016,486.66,758.34,336.9
05/11/2016,487.1,499.49,503
06/11/2016,487.06,384.27,366.7
07/11/2016,487.22,319.63,204.9
08/11/2016,487.45,245.01,197.9
09/11/2016,487.48,206,205
10/11/2016,487.46,181.13,188.2
11/11/2016,487.45,172.43,178
12/11/2016,487.42,159.15,178
13/11/2016,487.36,133.61,180
14/11/2016,487.22,129.22,180
15/11/2016,487.19,140.36,137.8
16/11/2016,487.19,121.54,141.1
17/11/2016,487.16,119.69,98.1
18/11/2016,487.23,121.8,90
19/11/2016,487.3,111.85,90
20/11/2016,487.35,109.06,101.5
21/11/2016,487.35,118.79,109.3
22/11/2016,487.42,139.14,92.8
23/11/2016,487.41,117.9,174.5
24/11/2016,487.3,113.38,158.4
25/11/2016,487.2,99.39,136.7
26/11/2016,487.1,93.36,135.2
27/11/2016,487.06,95.64,90
28/11/2016,487.06,83.98,90
29/11/2016,487.05,84.81,90
30/11/2016,487.04,93.43,90
01/12/2016,487.07,108.64,90
02/12/2016,487.17,145.7,79.7
03/12/2016,487.25,180.17,175.5
04/12/2016,487.22,148.72,180
05/12/2016,487.21,145.86,145
06/12/2016,487.23,141.48,91.7
07/12/2016,487.37,149.32,133
08/12/2016,487.41,172.1,131.9
09/12/2016,487.42,150.7,155.4
10/12/2016,487.36,131.46,179.4
11/12/2016,487.25,113.68,159.5
12/12/2016,487.18,77.01,85
13/12/2016,487.29,159.5,70.9
14/12/2016,487.44,210.58,185.3
15/12/2016,487.43,168.73,176.4
16/12/2016,487.4,148.35,178.4
17/12/2016,487.38,189.31,180
18/12/2016,487.37,168,179.8
19/12/2016,487.32,155.43,180
20/12/2016,487.34,190.67,163.1
21/12/2016,487.34,157.5,180
22/12/2016,487.25,134.18,180
23/12/2016,487.2,127.87,150
24/12/2016,487.15,112.37,97
25/12/2016,487.23,97.55,77.5
26/12/2016,487.29,104.1,71.9
27/12/2016,487.34,87.63,58.3
28/12/2016,487.43,84.7,64.4
29/12/2016,487.46,84.98,66.6
30/12/2016,487.46,79.16,89
31/12/2016,487.49,91.87,73.3
01/01/2017,487.49,137.05,158.5
02/01/2017,487.47,116.88,103.7
03/01/2017,487.47,102.67,94.5
04/01/2017,487.48,102.43,114
05/01/2017,487.42,84.31,140.9
06/01/2017,487.23,86.24,162.1
07/01/2017,487.14,86.54,110.8
08/01/2017,487.12,76.04,67.7
09/01/2017,487.13,76.53,69.4
10/01/2017,487.16,77.37,68.6
11/01/2017,487.17,74.53,68.6
12/01/2017,487.2,66.41,62.3
13/01/2017,487.2,67.92,70.7
14/01/2017,487.2,67.92,70.7
15/01/2017,487.23,77.34,65.4
16/01/2017,487.27,97.14,65.1
17/01/2017,487.35,90.67,63.5
18/01/2017,487.4,93.62,63.3
19/01/2017,487.44,66.86,61.1
20/01/2017,487.38,65.88,137.2
21/01/2017,487.22,76.79,140.5
22/01/2017,487.14,68.59,73.4
23/01/2017,487.09,52.25,107.1
24/01/2017,487.01,66.02,63.5
25/01/2017,487.01,75.36,62.3
26/01/2017,487.06,93.11,63.3
27/01/2017,487.16,108.34,62.3
28/01/2017,487.24,90.45,69.5
29/01/2017,487.24,70.44,92.7
30/01/2017,487.19,57.83,69.5
31/01/2017,487.18,73.76,77.7
01/02/2017,487.17,64.15,69.5
02/02/2017,487.14,64.93,75
03/02/2017,487.14,79.67,72
04/02/2017,487.16,76.81,66.7
05/02/2017,487.2,74.59,63
06/02/2017,487.2,65.8,67.8
07/02/2017,487.2,63.76,62.5
08/02/2017,487.19,51.75,66.8
09/02/2017,487.16,60.54,63.5
10/02/2017,487.15,64.08,50.1
11/02/2017,487.13,56.31,64.5
12/02/2017,487.09,49.5,66.5
13/02/2017,487.04,41.33,71.6
14/02/2017,486.97,45.11,74.3
15/02/2017,486.91,51.08,64.8
16/02/2017,486.87,43.41,74.3
17/02/2017,486.8,40.02,72.1
18/02/2017,486.73,47.88,70.5
19/02/2017,486.68,43.73,66.3
20/02/2017,486.64,53.99,52.5
21/02/2017,486.65,49.94,53.8
22/02/2017,486.62,44.93,63.8
23/02/2017,486.57,46.53,77.2
24/02/2017,486.52,42.92,53.5
25/02/2017,486.49,42.58,56.6
26/02/2017,486.46,38.14,55.3
27/02/2017,486.38,25.33,63.3
28/02/2017,486.31,42.98,75.3
01/03/2017,486.19,40.05,100
02/03/2017,486.05,35.58,91.3
03/03/2017,485.96,35.63,73.6
04/03/2017,485.87,35.01,75.9
05/03/2017,485.77,31.61,77.7
06/03/2017,485.66,30.84,81.6
07/03/2017,485.54,34.11,81.3
08/03/2017,485.45,33.68,57.3
09/03/2017,485.4,34.75,60.5
10/03/2017,485.33,33.71,66.7
11/03/2017,485.24,32.69,72.5
12/03/2017,485.15,27.04,61.8
13/03/2017,485.06,21.1,58.1
14/03/2017,484.99,34.76,57.9
15/03/2017,484.92,34,61.7
16/03/2017,484.86,38.6,50
17/03/2017,484.81,46.62,64.2
18/03/2017,484.76,47.48,63.8
19/03/2017,484.71,36.88,62.3
20/03/2017,484.61,38.98,70.4
21/03/2017,484.53,40.21,67.8
22/03/2017,484.44,41.38,69.7
23/03/2017,484.35,38.15,74.8
24/03/2017,484.22,41.54,92.8
25/03/2017,484.1,38.87,71.6
26/03/2017,483.99,37.53,74.9
27/03/2017,483.85,25.22,70.7
28/03/2017,483.73,39.7,80.5
29/03/2017,483.64,41.51,66.4
30/03/2017,483.56,40.83,64.8
31/03/2017,483.49,44.89,66.2
01/04/2017,483.43,52.22,69.5
02/04/2017,483.38,44.57,75.2
03/04/2017,483.25,46.35,89.7
04/04/2017,483.06,51.89,147.5
05/04/2017,482.76,59.46,166.4
06/04/2017,482.51,54.85,101
07/04/2017,482.31,51.68,164.5
08/04/2017,481.89,45.04,198
09/04/2017,481.46,33.95,125.3
10/04/2017,481.31,29.97,81
11/04/2017,481.18,34.61,79
12/04/2017,481.05,35.99,74
13/04/2017,480.92,36.52,81.8
14/04/2017,480.8,35.65,79
15/04/2017,480.67,30.9,75.6
16/04/2017,480.54,27.85,74.2
17/04/2017,480.34,12.41,80.5
18/04/2017,480.18,28.39,80
19/04/2017,480.03,33.99,76
20/04/2017,479.89,41.81,75.9
21/04/2017,479.76,38.82,77.4
22/04/2017,479.6,39.84,80.3
23/04/2017,479.45,37.34,78.1
24/04/2017,479.24,37,88.3
25/04/2017,479.14,53.97,76.1
26/04/2017,479.03,53.77,85.7
27/04/2017,478.92,54.86,79.7
28/04/2017,478.77,59.54,100
29/04/2017,478.59,69.04,112.7
30/04/2017,478.59,82.03,87.7
01/05/2017,478.49,71.94,86.3
02/05/2017,478.46,84.36,88.8
03/05/2017,478.36,79.74,115.5
04/05/2017,478.16,75.99,162.9
05/05/2017,477.82,75.47,158
06/05/2017,477.53,68.52,127.3
07/05/2017,477.34,56.28,91
08/05/2017,477.23,58.12,87.9
09/05/2017,477.13,80.09,106.5
10/05/2017,476.98,64.91,116.2
11/05/2017,476.72,55.98,131.8
12/05/2017,476.48,50.77,102
13/05/2017,476.28,49.33,91.9
14/05/2017,476.2,48.17,80.5
15/05/2017,475.94,53.36,117.8
16/05/2017,475.79,110.57,123.2
17/05/2017,475.73,90.31,141.4
18/05/2017,475.49,93.02,152.5
19/05/2017,475.4,180.24,160.7
20/05/2017,475.53,202.68,160.7
21/05/2017,475.85,236.96,136.2
22/05/2017,476.05,182.68,116.75
23/05/2017,476.25,128.4,97.3
24/05/2017,476.21,90.22,158.4
25/05/2017,475.86,86.39,192.5
26/05/2017,475.52,158.54,143.1
27/05/2017,476.11,285.16,88.4
28/05/2017,476.77,205.93,67.4
29/05/2017,477.29,246.84,82.4
30/05/2017,477.98,227.69,37.9
31/05/2017,478.64,184.98,56.9
01/06/2017,478.9,158.84,131.4
02/06/2017,478.96,133.01,147.1
03/06/2017,478.85,120.32,134.4
04/06/2017,478.87,100.68,91
05/06/2017,478.77,100.92,173.2
06/06/2017,478.4,105.5,210
07/06/2017,477.98,91.1,210.9
08/06/2017,477.54,84.38,200.5
09/06/2017,477.06,82.26,201.5
10/06/2017,476.61,85.68,195.3
11/06/2017,476.25,83.9,186.8
12/06/2017,475.81,79.02,193.9
13/06/2017,475.34,67.5,198.5
14/06/2017,474.84,88.65,196.2
15/06/2017,474.37,87.08,187.7
16/06/2017,473.88,78.88,190.2
17/06/2017,473.35,77.23,191.1
18/06/2017,472.82,69.47,190.1
19/06/2017,472.25,70.91,187.5
20/06/2017,471.82,77.18,156.7
21/06/2017,471.49,81.88,144.9
22/06/2017,471.25,127.75,147.5
23/06/2017,471.24,150.96,154.6
24/06/2017,471.11,142.35,178.7
25/06/2017,470.98,137.15,179.7
26/06/2017,470.71,106.45,178.6
27/06/2017,470.33,106.55,178.5
28/06/2017,470.02,115.72,157.4
29/06/2017,470.02,126.9,177.3
30/06/2017,469.54,142.5,176
01/07/2017,469.51,161.02,176
02/07/2017,469.32,127.46,175.3
03/07/2017,469.2,154.24,127.1
04/07/2017,469.43,129.02,86.9
05/07/2017,469.61,130.95,140.3
06/07/2017,469.38,127.94,174
07/07/2017,469.12,113.9,173.7
08/07/2017,468.77,106.77,174.8
09/07/2017,468.39,98.31,174
10/07/2017,468,110.16,171.6
11/07/2017,468,115.14,169.7
12/07/2017,467.41,116.84,166.4
13/07/2017,467.31,134.99,136.5
14/07/2017,467.42,138.46,121.6
15/07/2017,467.29,139.49,166
16/07/2017,467.42,169.08,83.5
17/07/2017,468.15,196.26,36
18/07/2017,468.76,176.29,119
19/07/2017,468.87,184.21,152.7
20/07/2017,469.4,214.36,83.4
21/07/2017,470.15,199.35,33.2
22/07/2017,470.92,184.99,39.4
23/07/2017,471.55,171.56,16
24/07/2017,472.18,233.75,93.4
25/07/2017,473.33,383.34,57.2
26/07/2017,474.86,384.12,10.1
27/07/2017,474.86,360.5,0
28/07/2017,477.61,283.49,0
29/07/2017,478.6,230.66,0
30/07/2017,479.41,191.44,0
31/07/2017,479.93,204.74,124.2
01/08/2017,480.21,187.88,130.7
02/08/2017,480.32,187.61,141.2
03/08/2017,480.51,168.99,87.9
04/08/2017,480.81,172.8,68.5
05/08/2017,481.08,165.67,53.4
06/08/2017,481.5,165.21,15.7
07/08/2017,481.72,168.77,168.8
08/08/2017,481.7,184.64,198
09/08/2017,481.65,185.36,198
10/08/2017,481.77,192.49,149.4
11/08/2017,481.75,161.2,182.6
12/08/2017,481.77,154.51,98.5
13/08/2017,482.06,173.4,72.2
14/08/2017,482.26,186.35,140.8
15/08/2017,482.33,173.03,161.2
16/08/2017,482.47,186.22,145.6
17/08/2017,482.62,191.82,108.6
18/08/2017,482.86,195.59,99.5
19/08/2017,483.15,236.33,135.8
20/08/2017,483.55,196.86,36
21/08/2017,483.9,175.27,131.7
22/08/2017,484.02,189.35,142.7
23/08/2017,484.19,190.49,132.7
24/08/2017,484.3,243.83,171.5
25/08/2017,484.58,197.34,142.1
26/08/2017,484.83,217.32,73.3
27/08/2017,485.26,254.26,34.5
28/08/2017,485.7,210.68,122.8
29/08/2017,485.83,183.2,143
30/08/2017,485.84,175.62,184
31/08/2017,485.85,201.42,184
01/09/2017,485.88,203.1,182.5
02/09/2017,486.15,199.94,50.4
03/09/2017,486.22,167,194.3
04/09/2017,486.21,190.95,182
05/09/2017,486.22,174.34,182
06/09/2017,486.22,162.28,182
07/09/2017,486.15,164.59,182
08/09/2017,486.1,168.47,182
09/09/2017,486.09,173.22,182
10/09/2017,486.03,147.58,182
11/09/2017,485.94,136.28,183.4
12/09/2017,485.82,127.97,184
13/09/2017,485.68,120.16,184
14/09/2017,485.53,130.98,184.7
15/09/2017,485.41,134.36,186
16/09/2017,485.28,115.86,186
17/09/2017,485.11,120.94,186
18/09/2017,485.04,132.47,186
19/09/2017,484.82,143.77,186
20/09/2017,484.73,166.47,186
21/09/2017,484.7,166.1,186
22/09/2017,484.61,177.6,186
23/09/2017,484.61,174.88,186
24/09/2017,484.56,181.94,188
25/09/2017,484.57,198.33,188
26/09/2017,484.59,187.19,188
27/09/2017,484.54,158.63,188
28/09/2017,484.48,165.97,188
29/09/2017,484.41,174.27,188
30/09/2017,484.41,194.18,188
01/10/2017,484.65,256.69,117
02/10/2017,485.07,319.1,162.2
03/10/2017,485.45,312.85,133.7
04/10/2017,485.92,306.08,119
05/10/2017,486.28,249.81,136
06/10/2017,486.4,225.65,206.6
07/10/2017,486.42,222.44,206
08/10/2017,486.47,221.88,221.2
09/10/2017,486.43,211.9,228.2
10/10/2017,486.43,179.73,185.4
11/10/2017,486.37,191.97,206
12/10/2017,486.37,188.1,203.3
13/10/2017,486.34,180.36,180
14/10/2017,486.31,173.74,180.9
15/10/2017,486.41,197.24,143.3
16/10/2017,486.44,179,182
17/10/2017,486.46,206.8,215.6
18/10/2017,486.4,189.54,198.8
19/10/2017,486.4,175.17,182
20/10/2017,486.38,171.45,182
21/10/2017,486.33,153.14,182
22/10/2017,486.25,140.37,179.3
23/10/2017,486.23,161.53,151.8
24/10/2017,486.25,147.18,147.3
25/10/2017,486.23,135.54,139.6
26/10/2017,486.21,125.18,145.8
27/10/2017,486.17,134.85,140.3
28/10/2017,486.17,124.7,138.5
29/10/2017,486.14,111.28,92
30/10/2017,486.2,114.09,116.2
31/10/2017,486.19,111.72,110.5
01/11/2017,486.12,104.97,155.1
02/11/2017,486.08,110.48,126.5
03/11/2017,485.96,130.9,182
04/11/2017,486.06,678.76,317.3
05/11/2017,486.99,474.4,265.8
06/11/2017,487.39,310.79,219.9
07/11/2017,487.38,233.65,245.6
08/11/2017,487.39,213.51,216
09/11/2017,487.35,197.6,201.4
10/11/2017,487.41,191.66,176.9
11/11/2017,487.42,169.14,178
12/11/2017,487.38,158.29,176.9
13/11/2017,487.37,153.77,158.9
14/11/2017,487.34,138.74,159.7
15/11/2017,487.25,137.9,177.9
16/11/2017,487.2,133.73,149.5
17/11/2017,487.1,125.5,178.5
18/11/2017,486.98,120.83,180
19/11/2017,486.77,121.06,176.5
20/11/2017,486.84,148.87,93.6
21/11/2017,486.96,139.42,91
22/11/2017,487.03,114.03,90.3
23/11/2017,487.1,127.53,99.8
24/11/2017,487.19,112.13,75.3
25/11/2017,487.31,205.99,146.2
26/11/2017,487.38,185.92,178
27/11/2017,487.38,170.31,176.5
28/11/2017,487.36,164.47,178
29/11/2017,487.3,152.41,178
30/11/2017,487.26,145.12,163.7
01/12/2017,487.22,137.33,135.8
02/12/2017,487.3,137.33,181.8
03/12/2017,487.46,247.41,216
04/12/2017,487.45,185.18,182
05/12/2017,487.47,193.35,183
06/12/2017,487.45,171.34,189.5
07/12/2017,487.41,150.23,160.1
08/12/2017,487.43,135.8,129.2
09/12/2017,487.44,134.31,129.4
10/12/2017,487.43,114.82,125.4
11/12/2017,487.44,112.45,89
12/12/2017,487.47,110.98,113.1
13/12/2017,487.44,95.32,122.8
14/12/2017,487.4,95.43,89
15/12/2017,487.41,90.3,89
16/12/2017,487.4,91.12,97.5
17/12/2017,487.39,83.97,89
18/12/2017,487.38,84.54,89
19/12/2017,487.35,78.9,110
20/12/2017,487.27,71.76,108.1
21/12/2017,487.21,84.41,89
22/12/2017,487.22,76.87,83.1
23/12/2017,487.23,82.99,63.2
24/12/2017,487.15,65.95,144.6
25/12/2017,487.03,76.75,78.2
26/12/2017,487.09,84.64,61.2
27/12/2017,487.22,157.15,64
28/12/2017,487.32,135.27,126.4
29/12/2017,487.37,120.4,127.7
30/12/2017,487.29,113.8,132.4
31/12/2017,487.31,103.03,62.2
01/01/2018,487.43,83.53,66.3
02/01/2018,487.41,88.65,132.8
03/01/2018,487.23,80.16,151.3
04/01/2018,487.14,73.22,85
05/01/2018,487.13,75.42,67.7
06/01/2018,487.16,67.37,79.6
07/01/2018,487.15,72,83
08/01/2018,487.13,71.3,67.9
09/01/2018,487.11,69.72,108.3
10/01/2018,487.03,60.36,93.6
11/01/2018,486.95,57.89,80.3
12/01/2018,486.91,64.71,67.3
13/01/2018,486.9,59.01,63.5
14/01/2018,486.92,63.04,66.3
15/01/2018,486.86,50.03,74.2
16/01/2018,486.83,58.94,59.6
17/01/2018,486.83,56.77,57.8
18/01/2018,486.82,49.63,55.6
19/01/2018,486.82,54.21,60.2
20/01/2018,486.8,63.74,56.7
21/01/2018,486.81,43.87,57.5
22/01/2018,486.78,64.87,56.1
23/01/2018,486.8,52.77,56.6
24/01/2018,486.79,54.1,65.7
25/01/2018,486.71,48.23,95.8
26/01/2018,486.6,48.54,98.3
27/01/2018,486.49,49.16,92.8
28/01/2018,486.39,40.46,91.5
29/01/2018,486.27,48.27,91.1
30/01/2018,486.16,43.33,97.1
31/01/2018,486.03,42.52,98.3
01/02/2018,485.91,41.24,92.3
02/02/2018,485.78,39.02,94
03/02/2018,485.65,37.89,96.2
04/02/2018,485.54,33.34,84.8
05/02/2018,485.39,31.71,96.3
06/02/2018,485.26,38.53,91.4
07/02/2018,485.11,33.92,98.6
08/02/2018,484.96,47.52,106.6
09/02/2018,484.85,41.64,59.1
10/02/2018,484.81,42.14,58.3
11/02/2018,484.76,36.51,58.6
12/02/2018,484.68,33.82,57.8
13/02/2018,484.63,47.13,59.3
14/02/2018,484.54,45.02,82
15/02/2018,484.42,42.56,86.2
16/02/2018,484.34,42.04,63
17/02/2018,484.27,42.91,65.2
18/02/2018,484.21,38.13,63.8
19/02/2018,484.11,34.23,59.8
20/02/2018,484.06,42.78,65.9
21/02/2018,483.99,43.7,59.2
22/02/2018,483.94,39.54,59.9
23/02/2018,483.86,42.49,85.5
24/02/2018,483.73,39,66
25/02/2018,483.68,36.6,57.3
26/02/2018,483.45,24.72,134.5
27/02/2018,483.24,37.69,90.5
28/02/2018,483.07,37.35,97.8
01/03/2018,482.91,37.41,116.7
02/03/2018,482.66,36.72,112.7
03/03/2018,482.43,37.1,89.4
04/03/2018,482.34,37.48,58.2
05/03/2018,482.19,21.67,112.6
06/03/2018,481.98,39.8,63.2
07/03/2018,481.91,36.13,61.5
08/03/2018,481.82,35.91,69.3
09/03/2018,481.72,32.02,79
10/03/2018,481.59,33.2,62.6
11/03/2018,481.52,28.28,53.7
12/03/2018,481.36,16.88,87.5
13/03/2018,481.15,24.09,125.9
14/03/2018,480.72,26.17,155.1
15/03/2018,480.47,50.94,125.3
16/03/2018,480.14,48.01,173.6
17/03/2018,479.81,52.92,90.1
18/03/2018,479.79,43.06,63.9
19/03/2018,479.58,35.48,133.8
20/03/2018,479.3,41.16,71
21/03/2018,479.14,48.02,120.8
22/03/2018,478.9,39.85,73.8
23/03/2018,478.75,41.4,110.8
24/03/2018,478.49,36.81,77.9
25/03/2018,478.39,33.19,55.8
26/03/2018,478.26,23.06,58.1
27/03/2018,478.14,35.2,65.5
28/03/2018,478.02,35.32,75
29/03/2018,477.84,35.7,78.3
30/03/2018,477.57,40.88,143.2
31/03/2018,477.32,36.22,71.5
01/04/2018,477.32,30.81,71.9
02/04/2018,476.95,17.96,91.2
03/04/2018,476.71,29.26,86.9
04/04/2018,476.45,29.43,107.9
05/04/2018,476.15,28.96,97
06/04/2018,475.9,28.72,101.2
07/04/2018,475.61,13.6,79.5
08/04/2018,475.39,14.82,57.4
09/04/2018,475.18,10.18,102.7
10/04/2018,474.81,40.89,106.3
11/04/2018,474.44,40.31,102.4
12/04/2018,474.17,35.71,132.8
13/04/2018,474.73,26.77,126
14/04/2018,473.3,32.7,124.3
15/04/2018,472.78,21.95,106.5
16/04/2018,472.51,17.14,82.9
17/04/2018,472.21,30.88,102.1
18/04/2018,471.94,29.95,71.7
19/04/2018,471.72,27.1,85.5
20/04/2018,471.49,24.27,60.5
21/04/2018,471.24,26.98,96.5
22/04/2018,470.99,21.94,57.3
23/04/2018,470.74,19.8,92.4
24/04/2018,470.51,34.03,66.9
25/04/2018,470.4,41.15,55.1
26/04/2018,470.32,42.79,75.9
27/04/2018,470.25,43.7,85.2
28/04/2018,470.04,44.22,55.7
29/04/2018,469.92,44.81,55.6
30/04/2018,469.84,43.98,52.8
01/05/2018,469.86,57.39,52.2
02/05/2018,469.84,47.2,59.4
03/05/2018,469.75,43.57,68.8
04/05/2018,469.62,39.03,54.6
05/05/2018,469.5,27.1,60.3
06/05/2018,469.36,42.23,53.3
07/05/2018,469.3,39.12,52.8
08/05/2018,469.26,61.34,56.8
09/05/2018,469.32,77.85,58.6
10/05/2018,469.4,71.41,77.5
11/05/2018,469.35,65.78,71.9
12/05/2018,469.34,63.16,62
13/05/2018,469.34,50.78,53.1
14/05/2018,469.39,37.94,0
15/05/2018,469.63,43.47,0
16/05/2018,469.83,48.64,52.5
17/05/2018,469.55,48.64,105.1
18/05/2018,469.48,55.83,59.5
19/05/2018,469.48,52.6,53.2
20/05/2018,469.49,48.4,62.5
21/05/2018,469.31,31.42,56.8
22/05/2018,469.23,46.86,53.3
23/05/2018,469.22,60.7,54.1
24/05/2018,469.27,60.87,57.5
25/05/2018,469.26,52.47,53.1
26/05/2018,469.26,57.87,57.6
27/05/2018,469.27,66.55,63.1
28/05/2018,469.28,56.04,63.2
29/05/2018,469.22,67.87,68.8
30/05/2018,469.26,70.87,70.5
31/05/2018,469.25,66.895,70.05
01/06/2018,469.24,62.92,69.6
02/06/2018,469.17,56.66,54.3
03/06/2018,469.24,71.04,56.7
04/06/2018,469.28,80.23,54.5
05/06/2018,469.5,88.57,54
06/06/2018,469.6,69.15,68
07/06/2018,469.53,69.85,88.3
08/06/2018,469.53,72.24,68.5
09/06/2018,469.56,76.5,55.6
10/06/2018,469.66,67.27,56.1
11/06/2018,469.64,58.77,63.9
12/06/2018,469.72,84.92,68.8
13/06/2018,469.7,73.11,87
14/06/2018,469.54,62.19,106.8
15/06/2018,469.22,61.89,146.7
16/06/2018,468.75,74.42,151.4
17/06/2018,468.47,72.21,99.4
18/06/2018,468.19,53.57,122.3
19/06/2018,467.85,60.55,121
20/06/2018,467.57,57.48,100.5
21/06/2018,467.31,53.49,112
22/06/2018,466.97,56.18,125
23/06/2018,466.71,57.21,86
24/06/2018,466.64,55.08,58
25/06/2018,466.57,42.57,62.8
26/06/2018,466.51,58.3,63.2
27/06/2018,466.47,60.99,69
28/06/2018,466.47,77.96,63.3
29/06/2018,466.76,144.92,62.9
30/06/2018,467.07,114.03,69.3
01/07/2018,467.38,95.61,60.7
02/07/2018,467.3,58.09,84
03/07/2018,467.2,49.46,68.3
04/07/2018,467.09,63.08,84
05/07/2018,466.96,62.66,86.7
06/07/2018,466.84,67.93,106.3
07/07/2018,466.62,67.93,106.3
08/07/2018,466.5,65.32,85
09/07/2018,466.43,86.15,94
10/07/2018,466.59,178.1,109.3
11/07/2018,466.82,127.69,113.3
12/07/2018,466.99,148.93,100.3
13/07/2018,467.21,141.46,112.6
14/07/2018,467.38,156.22,107.1
15/07/2018,467.88,232.35,94.9
16/07/2018,467.88,212.86,106.4
17/07/2018,469.09,201.66,119.2
18/07/2018,469.68,226.58,110.3
19/07/2018,470.28,204.21,128.4
20/07/2018,470.33,158.65,149.4
21/07/2018,470.43,171.49,147.2
22/07/2018,470.51,179.24,157.8
23/07/2018,470.75,188.74,128.4
24/07/2018,470.99,196.1,143.2
25/07/2018,471.08,179.04,176
26/07/2018,471.07,166.13,170.3
27/07/2018,471.04,166.61,173.3
28/07/2018,471.05,188.81,175.7
29/07/2018,471.16,162.43,137.6
30/07/2018,471.41,162.43,137.6
31/07/2018,471.36,123.65,66.7
01/08/2018,471.63,134.23,112
02/08/2018,471.44,124.02,184
03/08/2018,471.2,138.52,150.6
04/08/2018,471.35,153.66,129.2
05/08/2018,471.35,176.53,40.4
06/08/2018,472.33,249.74,121.7
07/08/2018,473.02,309.56,123.4
08/08/2018,473.76,278.01,150.6
09/08/2018,474.31,218.56,95.6
10/08/2018,474.91,202.79,68.5
11/08/2018,475.51,221.22,68.3
12/08/2018,475.98,185.55,84.7
13/08/2018,476.32,192.84,145.9
14/08/2018,476.41,200.92,166.3
15/08/2018,476.69,219.52,135.1
16/08/2018,477.02,223.1,136.3
17/08/2018,477.38,215.57,127.3
18/08/2018,477.54,258.89,193.5
19/08/2018,478.02,319.7,169.4
20/08/2018,478.68,308.01,138.2
21/08/2018,479.26,284.93,138.8
22/08/2018,479.82,272.37,146.7
23/08/2018,480.22,266.63,146.7
24/08/2018,480.54,235.08,142.2
25/08/2018,480.79,219.81,144.4
26/08/2018,481.1,248.82,78.8
27/08/2018,481.64,287.38,134.3
28/08/2018,482.08,266.77,135.6
29/08/2018,482.39,217.87,123.4
30/08/2018,482.64,204.66,135
31/08/2018,482.78,169.71,152
01/09/2018,482.86,171.8,130
02/09/2018,483.11,171.78,33.6
03/09/2018,483.42,194.33,120.8
04/09/2018,483.69,225.56,133.2
05/09/2018,483.9,195.4,150.7
06/09/2018,483.1,210.15,164.7
07/09/2018,484.11,212.83,187
08/09/2018,484.23,168.88,131
09/09/2018,484.4,155.53,66
10/09/2018,484.69,212.79,127
11/09/2018,484.86,182.44,142.5
12/09/2018,485.04,225.93,131.5
13/09/2018,485.28,308.03,187.4
14/09/2018,485.69,306.69,186
15/09/2018,485.93,300.64,137.8
16/09/2018,486.22,302.07,211.7
17/09/2018,486.35,273.81,253.6
18/09/2018,486.3,230.63,250
19/09/2018,486.32,219.15,198.8
20/09/2018,486.34,207.16,208
21/09/2018,486.33,224.91,208
22/09/2018,486.33,218.71,208
23/09/2018,486.46,278.05,257.8
24/09/2018,486.37,216.47,276.6
25/09/2018,486.27,212.71,246
26/09/2018,486.2,198.58,218.3
27/09/2018,486.18,192.37,191
28/09/2018,486.2,189.28,182
29/09/2018,486.21,179,182
30/09/2018,486.19,168.72,182
01/10/2018,486.19,162.26,159.5
02/10/2018,486.19,154.47,177
03/10/2018,486.08,150.13,182
04/10/2018,486.01,150.7,182.9
05/10/2018,485.98,183.87,182
06/10/2018,485.94,155.72,184
07/10/2018,485.88,155.29,184
08/10/2018,485.79,139.43,184
09/10/2018,485.69,138.47,184
10/10/2018,485.54,116.38,184.8
11/10/2018,485.38,114.01,186
12/10/2018,485.2,96.87,186
13/10/2018,485.01,120.68,186.3
14/10/2018,484.85,124.56,188
15/10/2018,484.71,103.78,125.5
16/10/2018,484.68,128.25,127.9
17/10/2018,484.61,110.62,172
18/10/2018,484.37,110.89,183.1
19/10/2018,484.24,106.41,149.9
20/10/2018,484.01,98.54,188.5
21/10/2018,483.75,106.34,190
22/10/2018,483.49,102.67,190.8
23/10/2018,483.3,106.85,155.3
24/10/2018,483.15,89.02,137.5
25/10/2018,483.02,87.93,136.8
26/10/2018,482.88,96.84,131.9
27/10/2018,482.76,81.61,131.9
28/10/2018,482.62,87.47,131.2
29/10/2018,482.46,82.69,139.6
30/10/2018,482.27,75.7,145.5
31/10/2018,482.06,67.51,133.6
01/11/2018,481.84,61.75,145.9
02/11/2018,481.59,67.89,148.3
03/11/2018,481.35,69.74,143.8
04/11/2018,481.15,62.51,139
05/11/2018,480.84,62.08,183.3
06/11/2018,480.63,64.73,91.5
07/11/2018,480.66,95.02,32.5
08/11/2018,480.91,103.04,0
09/11/2018,481.13,80.59,58.8
10/11/2018,481.14,78.15,88.2
11/11/2018,481.2,66.87,7.1
12/11/2018,481.2,42.82,136.9
13/11/2018,481.2,63.77,136.9
14/11/2018,480.87,61.69,96.4
15/11/2018,480.77,58.91,93.8
16/11/2018,480.66,57.34,69.5
17/11/2018,480.71,76.88,18
18/11/2018,481,170.29,13.3
19/11/2018,481.56,226.26,78.6
20/11/2018,481.84,139.79,72.6
21/11/2018,481.95,76.17,75.7
22/11/2018,481.93,76.27,80.3
23/11/2018,481.91,83.04,95.7
24/11/2018,481.94,70.44,26
25/11/2018,482.13,111.75,18.6
26/11/2018,482.5,171.17,19.2
27/11/2018,482.88,142.15,61.4
28/11/2018,483.13,122.14,27.9
29/11/2018,483.36,109.6,55.4
30/11/2018,483.49,80.34,48
01/12/2018,483.57,82.57,62.8
02/12/2018,483.64,64.35,53.8
03/12/2018,483.61,75.92,107.8
04/12/2018,483.38,75.28,178.3
05/12/2018,483.2,72.43,112.8
06/12/2018,483.07,60.94,117.5
07/12/2018,482.81,70.23,140.9
08/12/2018,482.79,64.1,97.2
09/12/2018,482.64,54.97,62
10/12/2018,482.57,66.1,107
11/12/2018,482.48,63.87,78.1
12/12/2018,482.39,53.23,113.7
13/12/2018,482.2,55.98,128.1
14/12/2018,481.96,69.61,78.8
15/12/2018,482.07,100.19,52.5
16/12/2018,482.49,258.66,55
17/12/2018,482.86,128.06,70.6
18/12/2018,483.02,106.99,53.4
19/12/2018,483.17,94.66,53.7
20/12/2018,483.24,76.46,74.3
21/12/2018,483.21,73.28,84.3
22/12/2018,483.16,68.77,92.8
23/12/2018,483.13,52.77,59.5
24/12/2018,483.12,67.23,55.5
25/12/2018,483.16,65.08,53.8
26/12/2018,483.19,65.28,56.7
27/12/2018,483.19,65.87,53.5
28/12/2018,483.22,71.67,78.4
29/12/2018,483.24,75.63,53.9
30/12/2018,483.45,191.55,54.8
31/12/2018,483.83,142.28,54.5
01/01/2019,484.05,114.34,52.7
02/01/2019,484.22,123.22,61
03/01/2019,484.44,138.94,61.8
04/01/2019,484.65,132.68,62.5
05/01/2019,484.86,120.5,62.4
06/01/2019,485.02,114.59,60.6
07/01/2019,485.13,106.26,70.8
08/01/2019,485.18,90.7,71.3
09/01/2019,485.23,90.73,68.1
10/01/2019,485.25,67.65,72.4
11/01/2019,485.24,74.47,72.8
12/01/2019,485.23,62.05,72.3
13/01/2019,485.21,63.93,72.5
14/01/2019,485.18,59.85,71.8
15/01/2019,485.18,61.52,62.4
16/01/2019,485.18,60.47,61.7
17/01/2019,485.17,59,63.5
18/01/2019,485.16,48.5,65.5
19/01/2019,485.13,64.54,63.3
20/01/2019,485.13,48.3,60.9
21/01/2019,485.08,42.99,76
22/01/2019,485.02,49.06,53.5
23/01/2019,485.01,46.16,52.8
24/01/2019,484.99,48.04,53.6
25/01/2019,484.97,54.12,53.6
26/01/2019,484.97,49.08,55.6
27/01/2019,484.94,39.2,53.3
28/01/2019,484.9,39.93,51.5
29/01/2019,484.87,45.7,52.7
30/01/2019,484.85,43.99,52
31/01/2019,484.85,43.71,70.8
01/02/2019,484.71,41.54,71.4
02/02/2019,484.62,40.71,69.9
03/02/2019,484.51,41.65,78.4
04/02/2019,484.44,37.36,53.7
05/02/2019,484.41,42.32,52
06/02/2019,484.42,41.11,54.5
07/02/2019,484.3,38.7,72.1
08/02/2019,484.2,41.66,77.4
09/02/2019,484.09,37.54,71.9
10/02/2019,483.97,31.02,74.1
11/02/2019,483.83,30.63,74.3
12/02/2019,483.72,34.55,74.4
13/02/2019,483.64,36.31,53.3
14/02/2019,483.59,35.88,54.3
15/02/2019,483.52,33.89,63.1
16/02/2019,483.43,35.57,68.1
17/02/2019,483.35,28.01,54
18/02/2019,483.14,23.93,71.1
19/02/2019,483.12,34.39,59.4
20/02/2019,483.06,34.76,53.3
21/02/2019,482.98,32.34,69.5
22/02/2019,482.88,32.23,62.6
23/02/2019,482.81,30.77,65
24/02/2019,482.68,27.36,57.5
25/02/2019,482.57,19.06,54
26/02/2019,482.48,30.62,62.3
27/02/2019,482.37,28.43,78.8
28/02/2019,482.2,29.26,84
01/03/2019,482.08,28.67,54.4
02/03/2019,481.99,28.23,69.6
03/03/2019,481.89,24.9,52
04/03/2019,481.77,12.42,55.6
05/03/2019,481.64,27.5,82.3
06/03/2019,481.56,24,114.9
07/03/2019,481.16,22.61,103.8
08/03/2019,480.91,22.54,118.5
09/03/2019,480.65,25.15,83
10/03/2019,480.5,40.58,72.5
11/03/2019,480.21,10.98,180
12/03/2019,479.83,40.08,106.3
13/03/2019,479.59,38.82,103.2
14/03/2019,479.35,39.81,103.9
15/03/2019,479.08,36.03,102.8
16/03/2019,478.84,33.02,104.5
17/03/2019,478.64,29.45,57.2
18/03/2019,478.43,19.97,92.5
19/03/2019,478.2,31.96,80.9
20/03/2019,478.01,26.92,81.6
21/03/2019,477.78,27.68,95.1
22/03/2019,477.52,29.46,110.2
23/03/2019,477.19,28.82,116.8
24/03/2019,476.96,26.27,50.5
25/03/2019,476.76,13.73,81.3
26/03/2019,476.54,25.1,82.3
27/03/2019,476.32,23.27,92.7
28/03/2019,476.03,17.86,117.7
29/03/2019,475.59,13.37,116.9
30/03/2019,475.27,30.22,96
31/03/2019,475.11,37.99,53
01/04/2019,474.96,27.18,72.5
02/04/2019,474.81,38.34,72.6
03/04/2019,474.67,36.58,62.6
04/04/2019,474.51,29.74,66.3
05/04/2019,474.38,32.13,55.1
06/04/2019,474.23,31.23,65.7
07/04/2019,474.11,29.9,52.8
08/04/2019,473.93,17.49,64.5
09/04/2019,473.77,29.81,65.3
10/04/2019,473.57,30.02,81.8
11/04/2019,473.28,28.38,114.3
12/04/2019,472.95,23.68,60.2
13/04/2019,472.8,39.46,60.5
14/04/2019,472.74,36.73,52.5
15/04/2019,472.63,28.13,60.7
16/04/2019,472.47,33.93,73.8
17/04/2019,472.2,35.39,95.3
18/04/2019,471.99,34.89,74
19/04/2019,471.84,36.39,61.8
20/04/2019,471.65,36.59,79.1
21/04/2019,471.53,30.78,64.4
22/04/2019,471.31,16.34,70.8
23/04/2019,471.02,27.88,85.3
24/04/2019,470.78,28.43,84
25/04/2019,470.47,21.68,102
26/04/2019,470.13,13.54,89.1
27/04/2019,469.62,32.56,142.2
28/04/2019,469.18,27.25,84.5
29/04/2019,468.91,21.46,73.7
30/04/2019,468.68,33.56,51.8
01/05/2019,468.57,30.31,55.5
02/05/2019,468.36,37.5,92.5
03/05/2019,468.12,32.27,73.5
04/05/2019,467.81,32.73,114.4
05/05/2019,467.37,23.96,95.1
06/05/2019,466.8,6.88,141.3
07/05/2019,466.07,11.53,141.5
08/05/2019,465.48,23.08,105.7
09/05/2019,465.15,22.8,69.8
10/05/2019,464.95,28.29,51.6
11/05/2019,464.83,45.53,50.8
12/05/2019,464.85,52.47,52.2
13/05/2019,464.78,39.29,53
14/05/2019,464.72,37.47,53.5
15/05/2019,464.58,44.12,61.2
16/05/2019,464.51,39.9,52.2
17/05/2019,464.41,35.9,55.6
18/05/2019,464.24,33.29,46.5
19/05/2019,464.22,23.52,26.1
20/05/2019,464.19,36.26,38.3
21/05/2019,464.14,21.4,39.9
22/05/2019,464.1,45.36,36.3
23/05/2019,464.19,42.87,31.5
24/05/2019,464.27,36.99,24.5
25/05/2019,464.32,28.33,24.5
26/05/2019,464.36,28.7,24.8
27/05/2019,464.34,25.23,24.8
28/05/2019,464.32,28.04,35.5
29/05/2019,464.31,35.44,28.9
30/05/2019,464.36,37.76,28.2
31/05/2019,464.41,33.32,30
01/06/2019,464.43,32,34.6
02/06/2019,464.45,40.09,25.2
03/06/2019,464.51,39.34,28.5
04/06/2019,464.62,50.94,33.5
05/06/2019,464.76,55.32,28
06/06/2019,464.87,57.25,50.9
07/06/2019,464.91,61.53,48.5
08/06/2019,464.96,45.95,49.4
09/06/2019,464.97,46.62,49.7
10/06/2019,464.88,32.83,49
11/06/2019,464.8,38,50.1
12/06/2019,464.8,43.25,51.1
13/06/2019,464.66,37.22,53
14/06/2019,464.66,41.77,54.6
15/06/2019,464.5,41.83,54.3
16/06/2019,464.5,65.03,52.1
17/06/2019,464.53,56.75,51.3
18/06/2019,464.67,83.12,48.1
19/06/2019,464.84,58.06,51.7
20/06/2019,464.83,57.37,50.1
21/06/2019,464.85,53.81,60.8
22/06/2019,464.78,48.85,64.7
23/06/2019,464.73,47.17,49.8
24/06/2019,464.73,50.21,45.4
25/06/2019,464.68,48.36,51.7
26/06/2019,464.62,39.95,54.5
27/06/2019,464.62,40.64,54.1
28/06/2019,464.41,29.22,58.1
29/06/2019,464.24,35.37,51.8
30/06/2019,464.21,31.38,23.8
01/07/2019,464.2,25.83,28.8
02/07/2019,464.22,54.98,25.6
03/07/2019,464.61,113.14,24.9
04/07/2019,465.08,112.28,51
05/07/2019,465.35,71.69,55.1
06/07/2019,465.38,65.14,51.9
07/07/2019,465.49,59.1,50
08/07/2019,465.49,56.12,70.3
09/07/2019,465.39,46.36,63.7
10/07/2019,465.25,34.48,49.9
11/07/2019,465.21,43.33,52.5
12/07/2019,465.16,48.18,54.3
13/07/2019,465.11,43.15,50.9
14/07/2019,465.08,48.49,49.8
15/07/2019,465.05,37.05,49.2
16/07/2019,465.04,55.15,51.5
17/07/2019,465.11,74.94,51
18/07/2019,465.19,47.39,50
19/07/2019,465.19,56.49,62.5
20/07/2019,465.13,55.99,51.8
21/07/2019,465.11,49.21,52.2
22/07/2019,465.11,43.73,59.3
23/07/2019,465.11,44.82,52.9
24/07/2019,465.02,58.61,55.3
25/07/2019,465.07,92.27,51.2
26/07/2019,465.4,108.89,50
27/07/2019,465.62,77.14,52.7
28/07/2019,465.76,83.58,49.5
29/07/2019,465.97,91.08,51.5
30/07/2019,466.14,72.63,53.4
31/07/2019,466.23,84.2,55.8
01/08/2019,466.45,79.69,24.8
02/08/2019,466.45,85.97,0
03/08/2019,467.32,98.41,0
04/08/2019,467.87,101.17,0
05/08/2019,468.41,98.11,0
06/08/2019,468.77,146.09,121.5
07/08/2019,469.23,249.11,85.3
08/08/2019,471.1,738.79,56.8
09/08/2019,474.39,526,24.5
10/08/2019,475.8,300.95,34.2
11/08/2019,476.72,226.6,17.6
12/08/2019,477.25,192.58,82.3
13/08/2019,477.45,138.11,128.6
14/08/2019,477.65,140.42,52.1
15/08/2019,477.92,119.25,75.5
16/08/2019,477.89,113.88,176.7
17/08/2019,477.56,101.24,198.5
18/08/2019,477.18,101.01,200
19/08/2019,476.77,84.83,200
20/08/2019,476.34,78.04,196.3
21/08/2019,475.88,84.88,195.2
22/08/2019,475.45,73.46,193
23/08/2019,474.98,84.81,192.6
24/08/2019,474.53,91.61,191.5
25/08/2019,474.11,86.18,179.6
26/08/2019,473.64,79.96,189.3
27/08/2019,473.11,84.46,188.5
28/08/2019,472.58,83,186.3
29/08/2019,472.14,85.34,185.3
30/08/2019,471.78,115.09,183
31/08/2019,471.47,121.71,184
01/09/2019,471.16,108.63,180
02/09/2019,471.22,140.14,33.8
03/09/2019,467.95,360.89,78.3
04/09/2019,473.35,332.54,67.5
05/09/2019,473.94,287.41,177.8
06/09/2019,476.4,256.33,79.6
07/09/2019,474.61,244.88,191.3
08/09/2019,475,255.49,117.4
09/09/2019,475.57,222.61,151.8
10/09/2019,475.67,208.88,188
11/09/2019,475.63,153.31,188
12/09/2019,475.55,172.95,188
13/09/2019,475.54,207.26,188
14/09/2019,475.78,259.87,137.6
15/09/2019,476.44,257.11,79.2
16/09/2019,477.06,249.1,122.6
17/09/2019,477.34,244.56,148
18/09/2019,478.16,326.78,14.3
19/09/2019,479.38,333.45,103.5
20/09/2019,480.4,253.67,68.2
21/09/2019,480.73,264,67
22/09/2019,481.42,316.22,37.3
23/09/2019,482.26,273,0
24/09/2019,483,236.45,18.1
25/09/2019,483.56,212.3,33.7
26/09/2019,484.09,178.39,19.8
27/09/2019,484.54,164.7,22.8
28/09/2019,484.92,152.22,31.5
29/09/2019,485.27,172.04,45.6
30/09/2019,485.43,144.68,105.3
01/10/2019,485.5,142.99,139.7
02/10/2019,485.51,160.83,145.8
03/10/2019,485.53,141.37,143.1
04/10/2019,485.5,167.55,176
05/10/2019,485.49,145.91,146.1
06/10/2019,485.6,188.03,95.5
07/10/2019,485.72,143.45,87.3
08/10/2019,485.94,138.76,100.9
09/10/2019,485.87,125.65,174
10/10/2019,485.75,113.61,174
11/10/2019,485.59,104.06,175.3
12/10/2019,485.49,103.6,134.7
13/10/2019,485.51,125.57,153.3
14/10/2019,485.68,115.83,77.6
15/10/2019,485.7,97.74,132
16/10/2019,485.59,89.12,145.9
17/10/2019,485.43,87.63,128.5
18/10/2019,485.4,87.09,91.1
19/10/2019,485.44,103.54,66
20/10/2019,485.57,111.56,41
21/10/2019,485.59,81.39,131.8
22/10/2019,485.47,83.31,136.7
23/10/2019,485.34,74.01,135.5
24/10/2019,485.3,82.31,54.6
25/10/2019,485.31,67.74,97
26/10/2019,485.29,67.65,67.8
27/10/2019,485.31,74.83,32
28/10/2019,485.39,67.74,66.1
29/10/2019,485.38,68.98,77.4
30/10/2019,485.23,72.48,171.1
31/10/2019,485.02,163.39,147.4
01/11/2019,485.06,109.91,90.8
02/11/2019,485.11,123.04,88
03/11/2019,485.3,208.44,84.7
04/11/2019,485.58,159.3,68.5
05/11/2019,485.74,144.24,87.3
06/11/2019,485.84,100.47,88
07/11/2019,485.76,84.16,155.3
08/11/2019,485.57,60.53,161.3
09/11/2019,485.32,75.07,173
10/11/2019,485.15,206.12,176
11/11/2019,486.37,1012.89,178.1
12/11/2019,487.45,388.7,303.4
13/11/2019,487.48,247.52,241
14/11/2019,487.47,200.29,207.3
15/11/2019,487.48,176.93,178
16/11/2019,487.46,165.81,178
17/11/2019,487.41,145.72,178
18/11/2019,487.33,134.07,173.6
19/11/2019,487.24,122.58,169.3
20/11/2019,487.17,115.78,129.9
21/11/2019,487.11,102.96,125.7
22/11/2019,487.1,105.73,99
23/11/2019,487.18,94,54.9
24/11/2019,487.24,47,80.8
25/11/2019,487.27,95.92,89.9
26/11/2019,487.28,87.39,101.4
27/11/2019,487.22,89.72,115.3
28/11/2019,487.14,96.27,133.6
29/11/2019,487.04,88.17,134.4
30/11/2019,486.93,114.37,159.8
01/12/2019,486.8,101.01,170
02/12/2019,486.59,80.4,170.8
03/12/2019,486.4,87.25,128.2
04/12/2019,486.42,82.58,59.7
05/12/2019,486.48,82.15,56.3
06/12/2019,486.53,78.66,60.8
07/12/2019,486.58,81.84,55.3
08/12/2019,486.64,59.83,52.4
09/12/2019,486.66,87.61,54.2
10/12/2019,486.72,76.91,57.2
11/12/2019,486.77,66.82,54.2
12/12/2019,486.79,74.99,56.8
13/12/2019,486.84,64.7,52.8
14/12/2019,486.86,74.2,54.1
15/12/2019,486.91,56.09,52.2
16/12/2019,486.91,67.3,54
17/12/2019,486.94,64.25,62.5
18/12/2019,486.94,65.54,59
19/12/2019,486.96,58.75,55
20/12/2019,486.97,67.7,53.3
21/12/2019,487.01,58.04,50.9
22/12/2019,487.03,54.42,52.7
23/12/2019,487.01,56.2,51.9
24/12/2019,487.02,55.67,54
25/12/2019,487.04,57.26,57.5
26/12/2019,487.04,54.46,53.8
27/12/2019,487.03,56.23,53.9
28/12/2019,487.05,56.23,54.1
29/12/2019,487.06,50.08,51.6
30/12/2019,487.02,46.48,58.1
31/12/2019,487.01,54.17,53.1
01/01/2020,487.02,48.85,52.7
02/01/2020,486.1,49.22,55.6
03/01/2020,486.98,48.26,59.2
04/01/2020,486.96,48.49,58.6
05/01/2020,486.95,53.95,50.2
06/01/2020,486.92,33.82,54.9
07/01/2020,486.9,47.62,55.3
08/01/2020,486.88,46.86,55.9
09/01/2020,486.84,43.22,63
10/01/2020,486.81,44.99,53
11/01/2020,486.79,45.17,58.5
12/01/2020,486.77,44.18,52.6
13/01/2020,486.61,23.43,122
14/01/2020,486.42,39.65,115.3
15/01/2020,486.24,38.35,115.8
16/01/2020,486.08,34.72,111
17/01/2020,485.87,33.78,114.7
18/01/2020,485.7,36.37,87
19/01/2020,485.63,36.98,57.9
20/01/2020,485.56,21.78,55.9
21/01/2020,485.51,38.28,55.8
22/01/2020,485.47,35.82,55.8
23/01/2020,485.43,36.48,52.4
24/01/2020,485.41,37.12,48.6
25/01/2020,485.34,34.19,58.2
26/01/2020,485.3,28.85,70.5
27/01/2020,485.18,22.96,51.8
28/01/2020,485.14,34.63,50.1
29/01/2020,485.1,34.16,51
30/01/2020,485.05,31.76,58.1
31/01/2020,484.1,34.81,52.8
01/02/2020,484.94,36.42,61.5
02/02/2020,484.87,31.51,56.9
03/02/2020,484.74,27.22,67.2
04/02/2020,484.62,40.05,5.3
05/02/2020,484.58,36.82,67
06/02/2020,484.5,36.34,62.7
07/02/2020,484.42,35.81,63.3
08/02/2020,484.34,37.3,63.3
09/02/2020,484.26,31.05,62
10/02/2020,484.13,22.48,65.6
11/02/2020,484.03,36.16,62.8
12/02/2020,483.95,36.5,57.3
13/02/2020,483.84,35.31,78.6
14/02/2020,483.75,34.36,63.6
15/02/2020,483.64,34.4,72.6
16/02/2020,483.54,30.33,62.2
17/02/2020,483.41,20.83,66.4
18/02/2020,483.32,35.42,60.5
19/02/2020,483.21,29.03,74
20/02/2020,483.1,31.32,63.2
21/02/2020,482.98,30.04,73.6
22/02/2020,482.83,32.99,81.6
23/02/2020,482.7,27.28,67.7
24/02/2020,482.51,16.42,90.1
25/02/2020,482.34,29.46,75.8
26/02/2020,482.21,30,74.7
27/02/2020,482.08,28.88,73.7
28/02/2020,481.92,24.04,81.7
29/02/2020,481.73,17.17,79.4
01/03/2020,481.57,23.88,74.6
02/03/2020,481.4,17.17,79.4
03/03/2020,481.22,28.33,84
04/03/2020,481.07,27.13,76.8
05/03/2020,480.89,26.08,86.6
06/03/2020,480.7,19.5,82.9
07/03/2020,480.54,27.04,79.3
08/03/2020,480.39,12.42,69.8
09/03/2020,480.14,7.75,118.5
10/03/2020,479.86,39.67,90.4
11/03/2020,479.66,37.54,90.5
12/03/2020,479.42,26.5,86.7
13/03/2020,479.2,26.42,85.2
14/03/2020,479.03,26.58,67.2
15/03/2020,478.87,26.63,70
16/03/2020,478.69,18.17,75.5
17/03/2020,478.48,29.38,80.8
18/03/2020,478.28,27.5,85.1
19/03/2020,478.02,18.42,93.7
20/03/2020,477.8,25.33,74.5
21/03/2020,477.61,23.67,67.3
22/03/2020,477.44,22.63,62.7
23/03/2020,477.23,11.33,77.8
24/03/2020,477.02,21.79,75.3
25/03/2020,476.8,17.17,80.3
26/03/2020,476.54,9,77.8
27/03/2020,476.31,17,72.9
28/03/2020,476.07,17.79,82.1
29/03/2020,475.85,17.92,74.5
30/03/2020,475.61,5.54,74.5
31/03/2020,475.36,13.54,76
01/04/2020,475.16,16.54,57.9
02/04/2020,475.02,20.79,54.3
03/04/2020,474.86,26.35,70.3
04/04/2020,474.71,18.92,52.4
05/04/2020,474.58,19.21,33.9
06/04/2020,474.45,13.79,50.3
07/04/2020,474.36,13.79,43.6
08/04/2020,474.16,25.71,56.4
09/04/2020,474.05,21.67,52.1
10/04/2020,473.9,23.54,52.2
11/04/2020,473.78,25.29,50.8
12/04/2020,473.67,25,56
13/04/2020,473.49,13.54,55
14/04/2020,473.35,26.42,52.1
15/04/2020,473.23,25.38,56.3
16/04/2020,473.07,22.58,57.9
17/04/2020,472.91,26.33,53.2
18/04/2020,472.79,25.75,53.7
19/04/2020,472.65,20.5,55.1
20/04/2020,472.46,16.67,62.8
21/04/2020,472.31,31.6,59.4
22/04/2020,472.19,28.79,53.1
23/04/2020,472.05,17.87,52.7
24/04/2020,471.89,21.08,53.2
25/04/2020,471.74,17.17,54.7
26/04/2020,471.6,19.79,52.1
27/04/2020,471.39,12.58,55
28/04/2020,470.76,36.33,67
29/04/2020,471.06,17.17,53.4
30/04/2020,470.92,16.88,44.8
01/05/2020,470.77,15.96,51.8
02/05/2020,470.56,7.13,55.2
03/05/2020,470.36,14.96,54.6
04/05/2020,470.15,5.46,53.6
05/05/2020,469.95,19.13,55.7
06/05/2020,469.78,18.96,54.1
07/05/2020,469.59,21.04,58
08/05/2020,469.39,20.88,51.5
09/05/2020,469.23,21.33,51.3
10/05/2020,469.07,26.08,50
11/05/2020,468.9,12.75,57
12/05/2020,468.68,19.58,57.8
13/05/2020,468.49,21.04,53.3
14/05/2020,468.31,19.04,49.5
15/05/2020,468.11,12.54,56.6
16/05/2020,467.89,11.83,48.1
17/05/2020,467.71,16.21,50.7
18/05/2020,467.53,12.17,29.5
19/05/2020,467.43,18.08,52.8
20/05/2020,467.25,26.04,56.8
21/05/2020,467.04,25,85.8
22/05/2020,466.67,26.25,76.8
23/05/2020,466.46,18.25,49.6
24/05/2020,466.31,24.29,53.3
25/05/2020,466.12,11.25,58.4
26/05/2020,465.91,31.63,58.5
27/05/2020,465.75,24.42,50.5
28/05/2020,465.65,34.92,53.1
29/05/2020,465.5,30.67,53.5
30/05/2020,465.41,32.54,52.3
31/05/2020,465.33,43.63,53.3
01/06/2020,465.21,33.04,53.9
02/06/2020,465.18,52.04,46.4
03/06/2020,465.28,62.42,44.8
04/06/2020,465.33,56.29,45.9
05/06/2020,465.38,57.33,43.9
06/06/2020,465.45,69.63,46.4
07/06/2020,465.6,49.25,43.2
08/06/2020,465.54,25.08,62.2
09/06/2020,465.43,53.75,40.2
10/06/2020,465.48,47.29,45.2
11/06/2020,465.51,54.54,47.8
12/06/2020,465.53,42.88,43.5
13/06/2020,465.53,46.67,41.4
14/06/2020,465.57,69.5,42.3
15/06/2020,465.73,60.71,43.1
16/06/2020,465.88,68.67,41
17/06/2020,465.97,58.63,41.6
18/06/2020,466.1,66.08,47.6
19/06/2020,466.13,49.25,45.9
20/06/2020,466.16,47.83,44.3
21/06/2020,466.25,41.95,44
22/06/2020,466.26,59.04,40.7
23/06/2020,466.49,74.63,49.5
24/06/2020,466.52,47.25,49.7
25/06/2020,466.51,50.79,45.5
26/06/2020,466.61,80.38,41.3
27/06/2020,466.87,75.13,44
28/06/2020,466.97,52.29,43
29/06/2020,466.98,53.54,41.6
30/06/2020,467.14,77.79,48.1
01/07/2020,467.46,106.13,0
02/07/2020,467.48,73.38,50.5
03/07/2020,467.6,67.58,45.9
04/07/2020,467.69,64.46,49.2
05/07/2020,467.76,64.46,46
06/07/2020,467.87,64.71,45.3
07/07/2020,467.95,65.88,51.7
08/07/2020,468.01,60.5,52
09/07/2020,468.08,66.17,62.8
10/07/2020,468.05,64.83,53.1
11/07/2020,468.19,97.67,68
12/07/2020,468.24,85.96,93.2
13/07/2020,468.05,69.59,125.1
14/07/2020,467.83,76.79,113.3
15/07/2020,467.67,88.88,111.4
16/07/2020,467.41,55,120.3
17/07/2020,467.12,51.25,103.2
18/07/2020,466.92,79.08,80.2
19/07/2020,466.96,90.29,84
20/07/2020,466.96,96.04,84.6
21/07/2020,467.03,77.33,81
22/07/2020,466.96,68.58,82.3
23/07/2020,466.94,84.63,87.6
24/07/2020,466.93,93.25,84
25/07/2020,467.02,98.21,83.6
26/07/2020,467.06,95.13,83
27/07/2020,467.15,106.04,89.3
28/07/2020,467.18,100.96,108
29/07/2020,467.13,102.92,110.2
30/07/2020,467.03,86.83,138
31/07/2020,466.71,161.92,161.5
01/08/2020,467.04,246.58,156.9
02/08/2020,467.55,221.29,125.7
03/08/2020,468.05,178.79,115.5
04/08/2020,468.17,158.21,157.6
05/08/2020,468.06,130.67,162
06/08/2020,467.91,144.96,162.9
07/08/2020,467.95,167.5,162.3
08/08/2020,467.89,143.38,142.7
09/08/2020,467.94,136.33,121.3
10/08/2020,467.95,124.29,157.7
11/08/2020,467.71,126.46,164
12/08/2020,467.51,120.04,164.8
13/08/2020,467.38,170.63,166
14/08/2020,467.38,144.92,159.1
15/08/2020,467.46,142.58,117.9
16/08/2020,467.38,144.88,166
17/08/2020,468.01,402.58,138.1
18/08/2020,469.69,330.8,0.2
19/08/2020,471.04,255.13,38.6
20/08/2020,471.83,228.5,91.8
21/08/2020,472.36,196.46,94.2
22/08/2020,472.78,160.38,94
23/08/2020,473,135.83,88.3
24/08/2020,473.17,119.92,93
25/08/2020,473.08,110.08,181.6
26/08/2020,472.74,106.08,179
27/08/2020,472.37,98.08,186
28/08/2020,471.94,88.96,184.5
29/08/2020,471.5,87.54,184.3
30/08/2020,471.04,88.25,182
31/08/2020,470.62,88.04,179.3
01/09/2020,470.22,91.96,176
02/09/2020,469.97,150.92,148.3
03/09/2020,470.02,178.46,172
04/09/2020,470.2,233.38,172
05/09/2020,470.41,186.71,175.9
06/09/2020,470.51,196.5,142.8
07/09/2020,470.63,165.54,172.1
08/09/2020,470.75,151.71,92.4
09/09/2020,471.11,173,124.9
10/09/2020,471.03,134.5,174
11/09/2020,471.02,132.08,92.4
12/09/2020,471.26,141.42,86.5
13/09/2020,471.48,121.67,64.5
14/09/2020,471.52,119.29,170.6
15/09/2020,471.29,135.38,179.2
16/09/2020,471.12,148.63,180
17/09/2020,470.93,128.71,180.3
18/09/2020,470.65,109.13,182
19/09/2020,470.35,121.96,175.3
20/09/2020,470.24,106.83,96.3
21/09/2020,470.35,116.46,88
22/09/2020,470.47,118.25,87.9
23/09/2020,470.65,150.21,87
24/09/2020,471.11,202.21,86.3
25/09/2020,471.7,220,89.6
26/09/2020,472.01,187.35,169.7
27/09/2020,471.97,161.79,182
28/09/2020,471.82,137.75,181.2
29/09/2020,471.57,122.21,182
30/09/2020,471.28,118.58,182
01/10/2020,471.21,128.46,92.2
02/10/2020,471.56,156.67,40.8
03/10/2020,472.14,161.58,41.4
04/10/2020,472.68,198.71,69.4
05/10/2020,473.08,181.58,161.4
06/10/2020,473.11,144.54,121.1
07/10/2020,473.36,155.88,87.8
08/10/2020,473.86,182.5,49.3
09/10/2020,474.47,209.63,102.5
10/10/2020,474.99,211.42,97.4
11/10/2020,475.61,284.54,40
12/10/2020,476.57,285.33,46
13/10/2020,477.19,218.46,116.9
14/10/2020,477.78,193.04,73.7
15/10/2020,478.12,182.08,54.8
16/10/2020,478.69,288.83,122.2
17/10/2020,479.52,286.67,29.4
18/10/2020,480.41,302.08,43.2
19/10/2020,481.12,268.75,59.8
20/10/2020,481.68,252.33,82.9
21/10/2020,482.2,255.5,82.4
22/10/2020,482.66,227.54,79.1
23/10/2020,483.08,185.5,59.6
24/10/2020,483.46,184.45,47.5
25/10/2020,483.9,211,42
26/10/2020,484.41,200,61.5
27/10/2020,484.76,211,65.8
28/10/2020,485.02,211,91.5
29/10/2020,485.33,211,69.5
30/10/2020,485.6,158.5,44.7
31/10/2020,485.85,164.29,54.4
01/11/2020,486.1,127,26.3
02/11/2020,486.26,130.96,116.2
03/11/2020,486.31,127.46,92.8
04/11/2020,486.36,126.08,119.7
05/11/2020,486.25,121.13,182
06/11/2020,486.12,157.54,182
07/11/2020,486.24,185.38,128.5
08/11/2020,486.27,140.54,133.4
09/11/2020,486.18,114.33,182
10/11/2020,486.22,342.13,145.9
11/11/2020,487.11,458.29,115.7
12/11/2020,487.41,226.83,182.7
13/11/2020,487.46,179.46,185.1
14/11/2020,487.42,167.88,196
15/11/2020,487.41,157.92,157.5
16/11/2020,487.36,136.96,168.4
17/11/2020,487.37,135.67,117.9
18/11/2020,487.42,124.42,101.6
19/11/2020,487.45,112.5,71.8
20/11/2020,487.4,114.75,153.4
21/11/2020,487.34,117.88,135.7
22/11/2020,487.36,109.46,97.9
23/11/2020,487.35,97.75,80.6
24/11/2020,487.45,93.2,56.7
25/11/2020,487.47,92,89.7
26/11/2020,487.48,94.83,100.1
27/11/2020,487.36,80.75,171.2
28/11/2020,487.18,102.92,170
29/11/2020,487.09,168.08,152.6
30/11/2020,487.28,275.25,169
01/12/2020,487.45,363.71,326.7
02/12/2020,487.44,283.75,281.7
03/12/2020,487.48,202.92,205
04/12/2020,487.44,164.83,186.1
05/12/2020,487.41,145.25,153.4
06/12/2020,487.43,136.42,113.4
07/12/2020,487.4,125.54,175.8
08/12/2020,487.27,121.92,174
09/12/2020,487.24,111.33,85.8
10/12/2020,487.29,108.13,88.4
11/12/2020,487.33,106.79,93.9
12/12/2020,487.36,95.63,84.5
13/12/2020,487.41,95,66.2
14/12/2020,487.46,94.46,81.3
15/12/2020,487.48,89,83.2
16/12/2020,487.47,89.29,94.3
17/12/2020,487.47,96.33,92.8
18/12/2020,487.47,75.54,93.2
19/12/2020,487.41,92.79,98.6
20/12/2020,487.38,103.25,124.4
21/12/2020,487.37,108.71,105.7
22/12/2020,487.4,103.5,77.7
23/12/2020,487.44,95,105.3
24/12/2020,487.44,110.46,102
25/12/2020,487.46,110.67,85
26/12/2020,487.47,100.71,124.3
27/12/2020,487.43,96.25,104.3
28/12/2020,487.4,88.79,115.2
29/12/2020,487.3,84.58,136.6
30/12/2020,487.16,75.04,144.3
31/12/2020,487.03,83.63,105
01/01/2021,487.05,75.5,54.5
02/01/2021,487.06,73.21,81.6
03/01/2021,487.05,70.21,84.7
04/01/2021,486.98,73.33,125.9
05/01/2021,486.89,75.25,75.8
06/01/2021,486.88,74.29,85
07/01/2021,486.88,77.88,75.8
08/01/2021,486.87,70.21,80.1
09/01/2021,486.85,68.25,73.8
10/01/2021,486.86,71.67,63.8
11/01/2021,486.82,57.42,98.8
12/01/2021,486.74,61.33,92
13/01/2021,486.67,59,93.8
14/01/2021,486.59,58.21,89.2
15/01/2021,486.5,58.21,89.2
16/01/2021,486.4,56.88,103.8
17/01/2021,486.33,62.42,63.9
18/01/2021,486.29,45.71,67
19/01/2021,486.25,55.38,72.8
20/01/2021,486.21,54.21,73.5
21/01/2021,486.16,55.33,79.3
22/01/2021,486.1,53.88,83.4
23/01/2021,486.04,52.67,74.3
24/01/2021,485.1,47.29,64
25/01/2021,485.95,48.04,73
26/01/2021,485.89,51.29,75.7
27/01/2021,485.82,43.46,80
28/01/2021,485.75,46.04,74.2
29/01/2021,485.69,48.5,72.4
30/01/2021,485.62,42.5,60.4
31/01/2021,485.62,38.08,51.5
01/02/2021,485.54,40.25,105.9
02/02/2021,485.37,34.04,107.9
03/02/2021,485.2,32.21,102.5
04/02/2021,485.04,38.58,102.4
05/02/2021,484.87,47.46,107.3
06/02/2021,484.71,47.75,98.1
07/02/2021,484.57,45.67,96.8
08/02/2021,484.4,42,67.1
09/02/2021,484.35,44.42,64.8
10/02/2021,484.29,53.54,69
11/02/2021,484.25,50.17,65.5
12/02/2021,484.14,43.33,71.8
13/02/2021,484.11,41.88,75.3
14/02/2021,484.01,35.83,66.9
15/02/2021,483.88,29.63,73.4
16/02/2021,483.78,46.04,67.6
17/02/2021,483.7,37.42,69.7
18/02/2021,483.59,35.71,76.2
19/02/2021,483.46,35.71,96.4
20/02/2021,483.29,35.71,80.3
21/02/2021,483.17,32,67.6
22/02/2021,483.02,27.33,100.2
23/02/2021,482.82,38.46,100.7
24/02/2021,482.65,38.46,90.9
25/02/2021,482.48,35.08,100
26/02/2021,482.28,35.13,74.7
27/02/2021,482.17,34.58,68.5
28/02/2021,482.09,28.79,61.1
01/03/2021,481.96,20.33,71.5
02/03/2021,481.67,26.79,101.2
03/03/2021,481.68,36.38,56.4
04/03/2021,481.55,34.83,66.8
05/03/2021,481.44,29.83,97.8
06/03/2021,481.25,32.79,70
07/03/2021,481.14,25.92,57.8
08/03/2021,480.1,12.38,84.8
09/03/2021,482.11,25.38,83.8
10/03/2021,480.64,29.13,62.1
11/03/2021,480.54,28.21,59.3
12/03/2021,480.45,27,76.9
13/03/2021,480.28,27.25,56.5
14/03/2021,480.22,24.5,67.8
15/03/2021,480.02,13.13,98.3
16/03/2021,479.75,38.88,122
17/03/2021,479.45,34.96,86.9
18/03/2021,479.24,32.33,77.9
19/03/2021,479.06,32.67,111.4
20/03/2021,478.64,35.33,156.9
21/03/2021,478.27,27.79,87.2
22/03/2021,478.02,16.04,121.9
23/03/2021,477.65,30.29,103.8
24/03/2021,477.35,23,123.8
25/03/2021,476.9,23.58,136.8
26/03/2021,476.58,27.04,79.8
27/03/2021,476.37,20.88,89.2
28/03/2021,476.1,11.04,51.7
29/03/2021,475.9,9.08,108
30/03/2021,475.55,22.58,105.3
31/03/2021,475.14,16.21,132.4
01/04/2021,474.71,35.92,119.1
02/04/2021,474.33,45.58,128.8
03/04/2021,474.04,27.08,58
04/04/2021,473.9,27.17,51.2
05/04/2021,473.75,20.25,50.3
06/04/2021,473.66,31.08,49.4
07/04/2021,473.53,21.67,50
08/04/2021,473.42,28.13,50.1
09/04/2021,473.31,22.54,50.7
10/04/2021,473.26,29.04,53.1
11/04/2021,473.11,16.29,52.6
12/04/2021,472.91,20.42,57.4
13/04/2021,472.79,29.67,62.1
14/04/2021,472.54,26.04,75.5
15/04/2021,472.41,28.17,63.2
16/04/2021,472.23,18.92,51.3
17/04/2021,472.12,28.83,53.3
18/04/2021,471.1,14.42,52.4
19/04/2021,471.76,22.75,66.3
20/04/2021,471.6,50.46,63.3
21/04/2021,471.56,61.67,63.3
22/04/2021,471.56,61.96,75.1
23/04/2021,471.43,40.79,72.3
24/04/2021,471.31,47.13,67.5
25/04/2021,471.24,47.13,63.5
26/04/2021,471.08,27.38,72.8
27/04/2021,470.91,33.42,70.6
28/04/2021,470.76,36.33,67
29/04/2021,470.62,34.38,61.9
30/04/2021,470.46,34.04,56.6
01/05/2021,470.4,36.46,58.5
02/05/2021,470.28,27.5,69.6
03/05/2021,470.02,21.08,83.3
04/05/2021,469.77,34.46,76.6
05/05/2021,469.55,31.46,64.5
06/05/2021,469.35,29.71,57.3
07/05/2021,469.17,20.54,56
08/05/2021,469.01,25.25,58.9
09/05/2021,468.85,23.54,49.2
10/05/2021,468.64,15.17,70.8
11/05/2021,468.39,31.83,57
12/05/2021,468.26,29.21,52.3
13/05/2021,468.16,34.83,52.5
14/05/2021,468.04,27.33,53.7
15/05/2021,467.91,35.54,37.8
16/05/2021,468.02,34.08,52.3
17/05/2021,467.75,21.29,73.5
18/05/2021,467.56,42.08,61.3
19/05/2021,467.44,30.25,50
20/05/2021,467.35,41.71,60.5
21/05/2021,467.25,48.04,54
22/05/2021,467.24,57.04,57.5
23/05/2021,467.27,57.71,51
24/05/2021,467.31,63.25,53.2
25/05/2021,467.35,67.29,55.3
26/05/2021,467.48,85.83,55.1
27/05/2021,467.64,74.96,59.3
28/05/2021,467.68,60.58,53
29/05/2021,467.69,46.04,58.2
30/05/2021,467.61,38.71,58.3
31/05/2021,467.45,30.13,39.1
01/06/2021,467.55,48.46,42.3
02/06/2021,467.52,42.75,45.5
03/06/2021,467.46,38.75,65.4
04/06/2021,467.34,38.13,43.4
05/06/2021,467.3,35.04,41.9
06/06/2021,467.33,37.13,42.9
07/06/2021,467.22,27.17,42.9
08/06/2021,467.22,48,40
09/06/2021,467.25,44.75,42.3
10/06/2021,467.29,76.25,42.7
11/06/2021,467.53,74.21,42.7
12/06/2021,467.66,61.04,50.2
13/06/2021,467.68,48.96,45.8
14/06/2021,467.63,40.67,49.2
15/06/2021,467.63,56.21,47.9
16/06/2021,467.73,69.42,47
17/06/2021,467.81,55.88,48.1
18/06/2021,467.83,52.42,56.8
19/06/2021,467.77,49.21,69.4
20/06/2021,467.68,43.63,47.5
21/06/2021,467.58,31.5,47
22/06/2021,467.54,41.38,47.6
23/06/2021,467.52,37,48.3
24/06/2021,467.45,44.5,49
25/06/2021,467.39,30.17,44.9
26/06/2021,467.37,37.96,45.5
27/06/2021,467.27,23.33,48.1
28/06/2021,467.1,19.5,58.3
29/06/2021,466.89,32.17,58.9
30/06/2021,466.81,32.96,41
01/07/2021,466.77,27.96,42.8
02/07/2021,466.66,41.67,70.3
03/07/2021,466.54,30.96,54.1
04/07/2021,466.39,23.67,40.6
05/07/2021,466.3,28.67,43.8
06/07/2021,466.27,45.5,44.8
07/07/2021,466.29,50.88,40.1
08/07/2021,466.32,38.88,40.5
09/07/2021,466.65,167.92,44.5
10/07/2021,467.14,81.46,36.5
11/07/2021,467.26,68.46,61.3
12/07/2021,467.26,59.08,68.1
13/07/2021,467.22,77.42,73.2
14/07/2021,467.26,73.54,70.8
15/07/2021,467.3,88.71,72.9
16/07/2021,467.38,71.88,63.3
17/07/2021,467.3,62.33,94.1
18/07/2021,467.15,92.04,96.3
19/07/2021,467.24,111.83,89.8
20/07/2021,467.36,112.21,92.3
21/07/2021,467.38,82.58,110.6
22/07/2021,467.17,86.79,133.5
23/07/2021,466.8,69.96,146.6
24/07/2021,466.52,92.33,126.7
25/07/2021,466.43,106.92,112.3
26/07/2021,466.36,78.42,77.8
27/07/2021,466.34,63.88,79.7
28/07/2021,466.22,102.54,120.3
29/07/2021,466.15,85.54,114.5
30/07/2021,465.99,86.75,118.9
31/07/2021,465.85,86.67,110.6
01/08/2021,465.71,79.67,107.4
02/08/2021,465.51,73.88,114.7
03/08/2021,465.26,65.46,113.9
04/08/2021,465.04,80.63,109.5
05/08/2021,465.1,95.79,69.6
06/08/2021,465.12,84.79,84.3
07/08/2021,465.14,87.29,84.9
08/08/2021,465.17,93.46,68.9
09/08/2021,465.33,83.29,72.3
10/08/2021,465.26,79.67,111.5
11/08/2021,465.03,70.21,115.9
12/08/2021,464.91,68.96,63.3
13/08/2021,464.95,69.58,62.7
14/08/2021,464.98,63.04,60.9
15/08/2021,464.99,69.71,64.2
16/08/2021,465.04,72.42,64.6
17/08/2021,465.13,79.67,55.8
18/08/2021,465.25,74.58,54.5
19/08/2021,465.33,70.33,57.4
20/08/2021,465.4,67.58,70.4
21/08/2021,465.37,73.67,81.4
22/08/2021,465.41,93.04,61.1
23/08/2021,465.56,95,90.8
24/08/2021,465.39,75.17,126.1
25/08/2021,465.15,89.83,126.5
26/08/2021,465.11,105.13,69.3
27/08/2021,465.42,136,63.7
28/08/2021,465.78,125.71,81.4
29/08/2021,465.9,131.17,116.7
30/08/2021,465.9,114.25,135.8
31/08/2021,465.84,118.79,113.8
01/09/2021,465.85,123,122.6
02/09/2021,465.93,134,106.1
03/09/2021,466,120.67,121.9
04/09/2021,466.22,155.75,70.1
05/09/2021,466.85,226.29,57.1
06/09/2021,467.72,180.33,79
07/09/2021,468.06,211.21,159.8
08/09/2021,468.51,205.79,97.2
09/09/2021,469.11,193.29,98.5
10/09/2021,469.4,174,149.9
11/09/2021,469.79,212.5,65.7
12/09/2021,470.62,248.92,60.5
13/09/2021,471.48,263.58,100.2
14/09/2021,472.09,241.17,106
15/09/2021,472.8,216.83,76.8
16/09/2021,473.37,200.38,95.5
17/09/2021,473.91,196,93.7
18/09/2021,474.29,166.5,101.2
19/09/2021,474.42,145.67,141.8
20/09/2021,474.49,162.88,127.3
21/09/2021,474.64,158.29,121.9
22/09/2021,474.8,146,133.1
23/09/2021,474.89,215.08,150.6
24/09/2021,475.46,272.21,51.8
25/09/2021,476.31,252.04,75.3
26/09/2021,476.9,249.42,70.9
27/09/2021,477.64,201.79,42.3
28/09/2021,478.16,171.38,50.9
29/09/2021,478.54,149.25,63.7
30/09/2021,478.78,162.17,125.4
01/10/2021,478.93,182.96,138.3
02/10/2021,479.18,217.38,85.7
03/10/2021,479.84,240.42,101.7
04/10/2021,480.18,177.33,118.1
05/10/2021,480.27,162.63,136.5
06/10/2021,480.39,184.29,135
07/10/2021,480.65,201.5,89.2
08/10/2021,480.87,168.71,120.9
09/10/2021,480.95,160.25,143.5
10/10/2021,481.02,147.46,119.3
11/10/2021,481.13,184.92,138.8
12/10/2021,481.33,205.96,121.8
13/10/2021,481.63,244.58,122
14/10/2021,482.14,277.29,79.9
15/10/2021,482.59,303.63,144.2
16/10/2021,483.31,425.54,98.3
17/10/2021,484.36,361.75,40.3
18/10/2021,485.19,346.13,51.5
19/10/2021,485.76,302.04,118.7
20/10/2021,486.14,292.33,117.9
21/10/2021,486.62,312.17,97.9
22/10/2021,487.12,263.63,97.1
23/10/2021,487.41,238.96,165.2
24/10/2021,487.44,213.92,219.3
25/10/2021,487.43,232.92,250.4
26/10/2021,487.24,210.67,329.6
27/10/2021,487.1,392.5,390.4
28/10/2021,487.27,458.33,307.8
29/10/2021,487.46,320.38,310
30/10/2021,487.44,276,294
31/10/2021,487.47,271.29,240.5
01/11/2021,487.46,243.25,280.5
02/11/2021,487.39,222,224.9
03/11/2021,487.41,207.83,202.7
04/11/2021,487.4,189.33,205
05/11/2021,487.35,179.5,204.6
06/11/2021,487.37,169.96,134.3
07/11/2021,487.45,166.13,147.1
08/11/2021,487.46,157.75,157.9
09/11/2021,487.47,174.67,160
10/11/2021,487.49,181.33,176.3
11/11/2021,487.44,194.38,236.8
12/11/2021,487.46,369.46,342.6
13/11/2021,487.4,244.04,282.7
14/11/2021,487.33,217.33,226.5
15/11/2021,487.32,182.96,197.2
16/11/2021,487.37,177.63,123.9
17/11/2021,487.46,174.13,172.8
18/11/2021,487.45,217,202.8
19/11/2021,487.47,205.08,219
20/11/2021,487.43,181.75,204.4
21/11/2021,487.35,163.04,200
22/11/2021,487.31,163.58,162.6
23/11/2021,487.31,160.71,160.8
24/11/2021,487.32,151.5,145.6
25/11/2021,487.31,141.54,154.8
26/11/2021,487.27,131.21,162.6
27/11/2021,487.2,145.63,169.3
28/11/2021,487.21,147.46,86.9
29/11/2021,487.32,166.75,142.4
30/11/2021,487.45,256.04,197.5
01/12/2021,487.47,494.25,490.8
02/12/2021,487.45,274.58,291.2
03/12/2021,487.46,213.65,210.6
04/12/2021,487.44,176.63,199.7
05/12/2021,487.37,159.72,191
06/12/2021,487.37,151.14,115.4
07/12/2021,487.43,145.88,136
08/12/2021,487.43,138,145.7
09/12/2021,487.39,118.08,151.8
10/12/2021,487.44,125.21,82
11/12/2021,487.41,121.79,153.9
12/12/2021,487.36,107.54,137.1
13/12/2021,487.26,106.25,131.8
14/12/2021,487.22,106.13,107.6
15/12/2021,487.27,98.5,75.8
16/12/2021,487.32,103.63,82.7
17/12/2021,487.34,87.21,120.1
18/12/2021,487.26,98.63,122.9
19/12/2021,487.22,89.71,109.5
20/12/2021,487.16,79.92,60.8
21/12/2021,487.23,90.71,75.3
22/12/2021,487.27,96.67,66.4
23/12/2021,487.33,87.67,70.6
24/12/2021,487.37,86.04,74.1
25/12/2021,487.4,83.29,68.8
26/12/2021,487.43,81,90.9
27/12/2021,487.35,80.13,135.8
28/12/2021,487.28,100.67,88.4
29/12/2021,487.37,142.67,64
30/12/2021,487.46,133.17,149.1
31/12/2021,487.42,119.79,132.6
01/01/2022,487.39,100.79,110.3
02/01/2022,487.43,80.13,75.2
03/01/2022,487.36,89.63,146.6
04/01/2022,487.17,85.29,172.9
05/01/2022,486.98,82.71,163.8
06/01/2022,486.84,80.33,113.8
07/01/2022,486.79,78.58,76
08/01/2022,486.8,76.88,79.9
09/01/2022,486.79,68.29,69.3
10/01/2022,486.72,67.21,108.3
11/01/2022,486.61,66.58,148.5
12/01/2022,486.5,66.92,76.4
13/01/2022,486.48,69.17,77.8
14/01/2022,486.45,66.79,81.8
15/01/2022,486.4,57.46,84
16/01/2022,486.37,62.38,69.7
17/01/2022,486.31,56.29,86.4
18/01/2022,486.25,61.38,87.6
19/01/2022,486.17,53.33,106.4
20/01/2022,486.05,54.46,91
21/01/2022,485.96,52.54,96.8
22/01/2022,485.85,53.21,100.3
23/01/2022,485.75,50.5,90.5
24/01/2022,485.66,51.38,92
25/01/2022,485.57,53.21,92
26/01/2022,485.48,51.38,81.5
27/01/2022,485.42,47.96,65.7
28/01/2022,485.37,44.29,74.5
29/01/2022,485.3,44.46,76.8
30/01/2022,485.22,35.25,73.3
31/01/2022,485.15,46.83,62.9
01/02/2022,485.12,49.96,62.3
02/02/2022,485.09,46.38,62.4
03/02/2022,485.03,42.83,75.8
04/02/2022,484.96,49.67,62.8
05/02/2022,484.91,44.21,66.7
06/02/2022,484.85,45.63,71
07/02/2022,484.75,48.67,87.5
08/02/2022,484.63,49.58,93.3
09/02/2022,484.5,51.96,89.3
10/02/2022,484.38,47.21,89
11/02/2022,484.25,46.58,92.1
12/02/2022,484.11,44.46,90.8
13/02/2022,483.99,45.46,81.8
14/02/2022,483.86,42.25,86.8
15/02/2022,483.75,47.92,82.3
16/02/2022,483.64,57.29,88
17/02/2022,483.59,87.08,94.3
18/02/2022,483.57,68.54,91.1
19/02/2022,483.48,59.88,87.5
20/02/2022,483.39,53.42,88.1
21/02/2022,483.25,43.17,80.3
22/02/2022,483.18,53.08,77.9
23/02/2022,483.09,48.13,82.9
24/02/2022,482.98,43.08,83.1
25/02/2022,482.85,37.67,81.1
26/02/2022,482.74,43.63,80.6
27/02/2022,482.64,37.42,69
28/02/2022,482.5,36.54,93.6
01/03/2022,482.32,39.88,117
02/03/2022,482.09,37.58,116.7
03/03/2022,481.87,36.5,104.3
04/03/2022,481.66,39.08,109.9
05/03/2022,481.43,33.5,118.6
06/03/2022,481.23,38.38,72.1
07/03/2022,481.08,25.38,79.4
08/03/2022,480.95,34.92,73.3
09/03/2022,480.81,30.67,76.5
10/03/2022,480.76,33.96,64.7
11/03/2022,480.6,29.46,73.6
12/03/2022,480.45,30.17,80.3
13/03/2022,480.31,22.25,75
14/03/2022,480.1,17.25,104.1
15/03/2022,479.83,42.83,121
16/03/2022,479.52,40.29,126.2
17/03/2022,479.16,40.38,138.9
18/03/2022,478.72,39.54,165.5
19/03/2022,478.25,42.13,149.8
20/03/2022,477.9,37.88,102.9
21/03/2022,477.75,34.17,86.5
22/03/2022,477.57,40.08,79.7
23/03/2022,477.43,40.88,65.3
24/03/2022,477.34,41.5,69.8
25/03/2022,477.23,38.08,71.3
26/03/2022,477.1,39.58,89.3
27/03/2022,476.92,33.21,56.4
28/03/2022,476.79,23.25,53
29/03/2022,476.72,37.88,54.1
30/03/2022,476.66,34.88,53.3
31/03/2022,476.6,36.79,51.1
01/04/2022,476.54,38.17,55.2
02/04/2022,476.48,41.17,54.2
03/04/2022,476.43,32.33,53
04/04/2022,476.29,18.71,57.3
05/04/2022,476.16,36,61.7
06/04/2022,476.07,31.46,57.3
07/04/2022,475.98,33.71,54.8
08/04/2022,475.91,31.5,53.8
09/04/2022,475.82,28.83,55.3
10/04/2022,475.73,25.21,55.1
11/04/2022,475.54,18.04,71.4
12/04/2022,475.36,42.17,62.4
13/04/2022,475.3,40.29,60.4
14/04/2022,475.22,33.79,61.8
15/04/2022,475.12,42.96,61.8
16/04/2022,475.05,46.25,69.3
17/04/2022,475,45.29,60.4
18/04/2022,474.9,45.17,60.2
19/04/2022,474.85,43.5,55
20/04/2022,474.77,40.79,62.3
21/04/2022,474.62,54.83,89.1
22/04/2022,474.44,60.96,120.5
23/04/2022,474.01,50.04,158.5
24/04/2022,473.52,44.04,150.6
25/04/2022,472.97,49.04,170.3
26/04/2022,472.42,54.17,171.9
27/04/2022,472,58.58,120.4
28/04/2022,471.67,47.21,125.7
29/04/2022,471.42,40.46,72.8
30/04/2022,471.36,46,53.6
01/05/2022,471.32,44.79,52
02/05/2022,471.26,44.25,52.3
03/05/2022,471.25,67.5,62.8
04/05/2022,471.31,65,58.4
05/05/2022,471.3,53.96,57.1
06/05/2022,471.34,67.75,51.1
07/05/2022,471.38,52.46,56.9
08/05/2022,471.26,41.79,77
09/05/2022,470.96,28.29,128
10/05/2022,470.56,37.83,117.1
11/05/2022,470.28,57.88,84.5
12/05/2022,470.17,61.17,75.2
13/05/2022,470.07,47.13,87.5
14/05/2022,469.88,48,79
15/05/2022,469.74,56.75,69.8
16/05/2022,469.69,74.17,75.1
17/05/2022,469.92,125,7.2
18/05/2022,470.04,115.58,74.1
19/05/2022,470.11,119.29,129
20/05/2022,470.22,213.75,146.3
21/05/2022,470.54,204.79,138.7
22/05/2022,470.82,141.92,97.4
23/05/2022,471.04,86.46,60.4
24/05/2022,471.05,87.58,102.8
25/05/2022,470.89,74.17,112.8
26/05/2022,470.64,77.54,150
27/05/2022,470.37,100.92,117.8
28/05/2022,470.45,102.75,84.5
29/05/2022,470.48,96.67,85.1
30/05/2022,470.47,75.33,110
31/05/2022,470.27,68.21,106.3
01/06/2022,470.27,74.17,43.4
02/06/2022,470.31,93.88,81.5
03/06/2022,470.6,130.42,35.7
04/06/2022,470.96,104.88,28.4
05/06/2022,471.31,80.71,47.4
06/06/2022,471.28,59.75,71.8
07/06/2022,471.23,66.75,64.2
08/06/2022,471.34,71.08,54.6
09/06/2022,471.32,61.08,72.4
10/06/2022,471.25,65.29,79
11/06/2022,471.26,75.21,61.5
12/06/2022,471.32,73.29,67
13/06/2022,471.29,78.67,89.1
14/06/2022,471.25,72.04,84.8
15/06/2022,471.19,68.75,81.3
16/06/2022,471.22,109.79,77.3
17/06/2022,471.34,87.92,77.3
18/06/2022,471.38,71.46,57.4
19/06/2022,471.48,68.17,51.1
20/06/2022,471.5,64.96,67.5
21/06/2022,471.53,100.25,84.9
22/06/2022,471.58,91.5,82.5
23/06/2022,471.64,83.79,76.8
24/06/2022,471.68,109.58,91.7
25/06/2022,471.92,166.21,74.1
26/06/2022,472.25,123.63,83.7
27/06/2022,472.45,137.58,93
28/06/2022,472.54,101.25,128
29/06/2022,472.34,103.96,114.3
30/06/2022,472.41,116.79,95.6
01/07/2022,472.57,110.21,90.8
02/07/2022,472.53,90.13,114.9
03/07/2022,472.45,94.08,106
04/07/2022,472.19,96.38,179.9
05/07/2022,471.85,82.88,156.3
06/07/2022,471.55,84.75,137.7
07/07/2022,471.23,78.54,155.9
08/07/2022,470.91,81.13,143.7
09/07/2022,470.66,98.5,135.6
10/07/2022,470.7,137.42,84.1
11/07/2022,470.98,167.67,110.8
12/07/2022,471.26,197.71,128.7
13/07/2022,471.61,162.54,99.3
14/07/2022,471.82,142.42,120.4
15/07/2022,471.83,123.75,128.3
16/07/2022,471.83,139.25,116.3
17/07/2022,471.94,104.71,102
18/07/2022,471.8,98,159.9
19/07/2022,471.51,106.25,162.8
20/07/2022,471.29,149.63,153.9
21/07/2022,471.44,142.46,97.5
22/07/2022,471.53,126.17,145
23/07/2022,471.42,119.5,150.5
24/07/2022,471.45,111.46,64.2
25/07/2022,471.59,115.92,100.4
26/07/2022,471.66,114.96,116.1
27/07/2022,471.65,119.96,112.1
28/07/2022,471.7,124.67,111.8
29/07/2022,471.76,106.25,92
30/07/2022,471.88,144.92,111.4
31/07/2022,472.11,147.67,80.3
01/08/2022,472.19,135.63,146
02/08/2022,472.11,122.04,165
03/08/2022,471.89,123.75,173
04/08/2022,471.73,157.13,171.8
05/08/2022,471.65,144.17,157.7
06/08/2022,471.59,138.54,141.5
07/08/2022,471.86,172.88,79.4
08/08/2022,472.28,229.04,118.3
09/08/2022,472.95,231.38,102.1
10/08/2022,473.38,265.33,147
11/08/2022,474.28,276.83,42.5
12/08/2022,475.26,254.71,59.4
13/08/2022,475.95,225.5,61.7
14/08/2022,476.59,262.54,44.8
15/08/2022,477.44,292.5,125.1
16/08/2022,477.95,212.88,86.7
17/08/2022,478.38,181.42,81.1
18/08/2022,478.76,183.46,83.1
19/08/2022,479.12,210.88,117.7
20/08/2022,479.53,208.75,89.6
21/08/2022,480.06,245,60.2
22/08/2022,480.59,199.46,91.2
23/08/2022,480.8,199.67,104.6
24/08/2022,481.2,224.04,109.4
25/08/2022,481.47,181.54,81.8
26/08/2022,481.73,157.25,104
27/08/2022,481.93,189.54,100.3
28/08/2022,482.17,171.29,96.8
29/08/2022,482.33,165.83,126.4
30/08/2022,482.4,171.54,143
31/08/2022,482.55,188.54,140.8
01/09/2022,482.72,183.5,143.8
02/09/2022,482.81,157.46,125.5
03/09/2022,482.92,173.08,130.1
04/09/2022,483.04,166.21,120.8
05/09/2022,483.15,173.5,144
06/09/2022,483.21,217.25,182
07/09/2022,483.47,275.38,182
08/09/2022,483.66,204.08,163.4
09/09/2022,483.77,180.71,142.8
10/09/2022,483.9,193,112.1
11/09/2022,484.09,179,134
12/09/2022,484.2,176.92,144.3
13/09/2022,484.34,212.58,149.5
14/09/2022,484.47,173.42,156.4
15/09/2022,484.54,172.54,141
16/09/2022,484.64,185.13,142
17/09/2022,484.81,219.63,139.3
18/09/2022,485.09,230.63,115.2
19/09/2022,485.31,211.5,148.2
20/09/2022,485.53,195.5,126.5
21/09/2022,485.6,173.21,131.6
22/09/2022,485.72,190.25,132.5
23/09/2022,485.78,152.04,138
24/09/2022,485.82,144.71,121.8
25/09/2022,485.94,196.75,124.9
26/09/2022,486.04,169.25,151.6
27/09/2022,486.13,215.58,158.6
28/09/2022,486.33,187.5,118.2
29/09/2022,486.37,210,198
30/09/2022,486.39,186.92,198
01/10/2022,486.34,173.46,198
02/10/2022,486.29,203.54,198
03/10/2022,486.33,200.42,198
04/10/2022,486.3,160.67,198
05/10/2022,486.19,149.92,198
06/10/2022,486.1,161.33,196.2
07/10/2022,486.01,143.67,194.3
08/10/2022,485.88,155.96,200
09/10/2022,485.76,134.63,200
10/10/2022,485.61,138.96,200
11/10/2022,485.57,147.54,92
12/10/2022,485.83,156.79,50.1
13/10/2022,486.02,148.96,90.5
14/10/2022,485.99,204.14,270.8
15/10/2022,485.83,168.04,208.7
16/10/2022,485.76,159.83,179.9
17/10/2022,485.81,229.17,182.9
18/10/2022,485.84,167.33,182.8
19/10/2022,485.77,129.63,147.6
20/10/2022,485.88,153.5,93
21/10/2022,486.05,158.29,73.5
22/10/2022,486.22,151.83,100.5
23/10/2022,486.33,122.92,77
24/10/2022,486.43,133.04,105.7
25/10/2022,486.4,130.17,152.5
26/10/2022,486.36,125.04,134.5
27/10/2022,486.37,190.08,151.3
28/10/2022,486.49,151.42,110.7
29/10/2022,486.57,119.04,84.9
30/10/2022,486.66,107.75,84
31/10/2022,486.68,122.63,114.6
01/11/2022,486.63,88.33,129.5
02/11/2022,486.56,98.67,120.6
03/11/2022,486.49,100.38,134.8
04/11/2022,486.4,94.71,147.3
05/11/2022,486.37,118.96,46.6
06/11/2022,486.51,104.58,107.9
07/11/2022,486.44,90.21,139.8
08/11/2022,486.33,83.13,136.4
09/11/2022,486.2,84.17,131.8
10/11/2022,485.98,76.5,139.5
11/11/2022,485.93,83.04,140.4
12/11/2022,485.84,85.5,97.5
13/11/2022,485.86,102.83,73.3
14/11/2022,485.95,105.29,83.5
15/11/2022,485.95,88.58,104.4
16/11/2022,485.86,76.79,124.5
17/11/2022,485.73,75.83,144.3
18/11/2022,485.55,71.75,150.7
19/11/2022,485.34,76.58,160.6
20/11/2022,485.29,130.92,88
21/11/2022,485.32,90.88,142.3
22/11/2022,485.16,94.46,154.6
23/11/2022,485.09,106.79,106
24/11/2022,485.15,91.67,63.5
25/11/2022,485.23,98.63,42.5
26/11/2022,485.37,113.13,57.7
27/11/2022,485.49,103.5,51.1
28/11/2022,485.6,88.25,58
29/11/2022,485.68,94.71,55.8
30/11/2022,485.74,83.79,66.5
01/12/2022,485.82,82.67,52.6
02/12/2022,485.87,87.71,53
03/12/2022,485.97,95.67,50.3
04/12/2022,486.12,99.46,49.3
05/12/2022,486.19,92.08,64.4
06/12/2022,486.26,95.5,52.8
07/12/2022,486.35,119.88,81.6
08/12/2022,486.46,125.63,51.5
09/12/2022,486.66,122.38,54.1
10/12/2022,486.7,97.5,87.4
11/12/2022,486.83,86.29,57.1
12/12/2022,486.88,88.46,50.3
13/12/2022,486.97,84.83,50
14/12/2022,487.03,77.88,56.3
15/12/2022,487.06,72.38,71
16/12/2022,487.03,67.08,96.7
17/12/2022,486.99,70,52.8
18/12/2022,487.06,64.63,38.3
19/12/2022,487.09,69.88,60.6
20/12/2022,487.12,74.63,80.5
21/12/2022,486.98,53.38,138.3
22/12/2022,486.79,51.29,128.8
23/12/2022,486.63,52.88,104.2
24/12/2022,486.5,55.54,106.1
25/12/2022,486.46,60.63,59.3
26/12/2022,486.44,59,57.8
27/12/2022,486.41,58.5,71.6
28/12/2022,486.37,52.25,74
29/12/2022,486.32,54.79,73
30/12/2022,486.27,48.5,75
31/12/2022,486.21,50.58,72.8
01/01/2023,486.17,51.42,71.8
02/01/2023,486.11,48.21,75.5
03/01/2023,486.04,49.63,81
04/01/2023,485.96,49.13,90.2
05/01/2023,485.88,56.46,82.2
06/01/2023,485.85,84.92,73.3
07/01/2023,485.87,66.33,75.4
08/01/2023,485.92,93.04,53.3
09/01/2023,485.96,76.88,73.9
10/01/2023,485.97,105.5,79.9
11/01/2023,486.04,96.83,72.3
12/01/2023,486.08,87.58,77.9
13/01/2023,486.13,104.33,74.4
14/01/2023,486.2,101.29,73.5
15/01/2023,486.24,73.5,69.6
16/01/2023,486.24,69.21,65.4
17/01/2023,486.25,72.04,70
18/01/2023,486.25,60.92,66.7
19/01/2023,486.24,59.38,62.9
20/01/2023,486.23,56.54,63.4
21/01/2023,486.22,56.71,59.4
22/01/2023,486.2,53.96,61.7
23/01/2023,486.18,53.54,59.5
24/01/2023,486.17,50.54,53.6
25/01/2023,486.2,55.5,51.6
26/01/2023,486.17,59.21,65.8
27/01/2023,486.14,51.08,69.3
28/01/2023,486.1,46.79,63.9
29/01/2023,486.06,50.21,62.6
30/01/2023,486.03,41.71,60.8
31/01/2023,485.97,41.88,77.8
01/02/2023,485.85,38.67,115.4
02/02/2023,485.69,44.38,86.8
03/02/2023,485.61,44.42,72.7
04/02/2023,485.55,45.96,72.4
05/02/2023,485.49,38.08,75.9
06/02/2023,485.37,36.08,91.3
07/02/2023,485.23,31,107.2
08/02/2023,485.06,36.25,101.6
09/02/2023,484.85,48.25,128.3
10/02/2023,484.6,46.63,123.8
11/02/2023,484.38,46.54,127.5
12/02/2023,484.16,42.71,114.8
13/02/2023,483.86,31.42,147.7
14/02/2023,483.6,41.38,95.8
15/02/2023,483.51,38.79,57.2
16/02/2023,483.45,33.54,57.7
17/02/2023,483.37,35.67,77
18/02/2023,483.21,38.63,106
19/02/2023,483.04,31.42,72.4
20/02/2023,482.88,27.67,85.3
21/02/2023,482.78,38.29,59.1
22/02/2023,482.7,33.25,67.2
23/02/2023,482.6,32.08,70.7
24/02/2023,482.46,29.5,61.7
25/02/2023,482.39,31.96,51.8
26/02/2023,482.34,28.17,40.6
27/02/2023,482.26,26.25,60.8
28/02/2023,482.16,30.88,65.9
01/03/2023,482.05,29.83,65.3
02/03/2023,481.95,28.79,62.8
03/03/2023,481.85,27.83,60.7
04/03/2023,481.74,29,66
05/03/2023,481.65,20.71,62.9
06/03/2023,481.47,12.5,70.8
07/03/2023,481.34,27.33,62.6
08/03/2023,481.24,25.92,62.5
09/03/2023,481.14,27.79,55.9
10/03/2023,481.05,26.5,56
11/03/2023,480.93,23.25,71.6
12/03/2023,480.81,19.92,52.2
13/03/2023,480.68,8.63,63
14/03/2023,480.53,17.92,67
15/03/2023,480.39,19.79,68.1
16/03/2023,480.18,15.13,94.8
17/03/2023,479.93,23.38,95.4
18/03/2023,479.69,36.21,86.1
19/03/2023,479.5,24.38,74.7
20/03/2023,479.23,20.21,120.5
21/03/2023,478.87,28,126.4
22/03/2023,478.42,29.54,150.5
23/03/2023,477.93,22.75,155
24/03/2023,477.46,28.42,145.8
25/03/2023,477.01,25.17,151.1
26/03/2023,476.64,21.21,88
27/03/2023,476.32,9.38,103.1
28/03/2023,475.96,22.5,113.4
29/03/2023,475.66,21.08,94.9
30/03/2023,475.36,12.96,78.9
31/03/2023,475.14,22.5,75.1
01/04/2023,475.02,30.71,54.4
02/04/2023,474.91,28.54,52.7
03/04/2023,474.76,20.54,55.7
04/04/2023,474.66,37.33,53
05/04/2023,474.59,41.08,54.5
06/04/2023,474.43,36.54,77.8
07/04/2023,474.25,35.42,80.8
08/04/2023,474.08,32.92,58.4
09/04/2023,473.91,26.29,69.8
10/04/2023,473.67,17.38,95.8
11/04/2023,473.24,34,131.5
12/04/2023,472.77,26.67,131
13/04/2023,472.25,31.46,148.7
14/04/2023,471.63,29.71,172.2
15/04/2023,471.03,31.58,148.5
16/04/2023,470.71,17.92,48.6
17/04/2023,470.49,24.58,102.3
18/04/2023,469.96,37.04,154.3
19/04/2023,469.37,43.63,152.3
20/04/2023,468.77,28.04,146.6
21/04/2023,468.14,32.79,146.1
22/04/2023,467.68,32.38,103.8
23/04/2023,467.29,16.33,77
24/04/2023,467.01,18.42,61
25/04/2023,466.76,27.79,74.8
26/04/2023,466.58,27.33,53.3
27/04/2023,466.44,24.92,49.3
28/04/2023,466.29,18.88,50.3
29/04/2023,466.09,10.88,47.8
30/04/2023,465.93,19.17,45.5
01/05/2023,465.78,19.92,41.9
02/05/2023,465.67,29.21,47
03/05/2023,465.55,22.5,54.9
04/05/2023,465.33,8.21,57.9
05/05/2023,465.08,14.79,43.5
06/05/2023,465.02,17.75,7
07/05/2023,465.08,17.83,26.8
08/05/2023,465.02,20.54,30.2
09/05/2023,464.94,37.79,35.7
10/05/2023,465.05,51.58,25.6
11/05/2023,465.2,60.46,45.3
12/05/2023,465.32,74.75,39.8
13/05/2023,465.49,64.25,42.2
14/05/2023,465.58,48.71,32.5
15/05/2023,465.6,41.83,45.7
16/05/2023,465.67,52.67,36.4
17/05/2023,465.77,46.5,22.2
18/05/2023,465.88,44.67,17.9
19/05/2023,465.99,41.58,32.4
20/05/2023,466.02,36.54,28.3
21/05/2023,466.09,38.67,16.7
22/05/2023,466.28,54.71,21.7
23/05/2023,466.43,45.96,20.3
24/05/2023,466.53,37.75,20.5
25/05/2023,471.55,57.67,20.3
26/05/2023,466.92,71.5,24.2
27/05/2023,467.24,83.17,1
28/05/2023,467.65,64.04,11.3
29/05/2023,467.99,131.38,16.3
30/05/2023,468.61,100.92,35.6
31/05/2023,468.83,56.5,37.5
01/06/2023,468.95,60,33.7
02/06/2023,469.02,47.83,32.6
03/06/2023,469.13,50.38,42
04/06/2023,469.18,48.88,36.8
05/06/2023,469.25,70.58,44.7
06/06/2023,469.49,106.71,51.8
07/06/2023,469.73,90.21,50.7
08/06/2023,469.83,66,64.3
09/06/2023,469.92,109.83,65
10/06/2023,470.17,107.17,66.1
11/06/2023,470.33,88.29,56
12/06/2023,470.37,65.63,75.8
13/06/2023,470.34,65.5,74
14/06/2023,470.31,64.75,66.4
15/06/2023,470.31,65.83,65.1
16/06/2023,470.3,56.63,63.8
17/06/2023,470.27,64.29,66.5
18/06/2023,470.32,86.83,61.4
19/06/2023,470.44,96.08,63.5
20/06/2023,470.61,128.79,116.3
21/06/2023,470.5,90.17,136.2
22/06/2023,470.26,86.17,142.4
23/06/2023,469.97,80.17,143.4
24/06/2023,469.72,87,100.3
25/06/2023,469.78,74.38,60.3
26/06/2023,469.73,73.21,100.5
27/06/2023,469.63,88.79,110
28/06/2023,469.49,77.58,110.3
29/06/2023,469.61,169.04,72.4
30/06/2023,470.08,136.04,67.4
01/07/2023,470.31,100.25,70.8
02/07/2023,470.44,97.63,73
03/07/2023,470.49,78.46,95
04/07/2023,470.27,70.42,106.4
05/07/2023,470.1,65.96,91.7
06/07/2023,470.09,77.17,102.8
07/07/2023,470.02,74.58,59.5
08/07/2023,470.12,82.83,54.5
09/07/2023,470.25,78.08,53.5
10/07/2023,470.4,112.08,92.2
11/07/2023,470.41,85.67,106.3
12/07/2023,470.21,82.25,122.5
13/07/2023,470,76.83,104.8
14/07/2023,470.01,87.92,67.7
15/07/2023,470.18,135.96,71.3
16/07/2023,470.6,197.79,77
17/07/2023,471.3,275.83,138.8
18/07/2023,471.75,222.25,155.8
19/07/2023,471.91,174.29,171.1
20/07/2023,471.81,157.46,175.9
21/07/2023,471.95,241.04,184
22/07/2023,472.22,221.79,161.8
23/07/2023,472.53,204.71,138.8
24/07/2023,472.7,193.29,156.3
25/07/2023,472.89,188.17,82.3
26/07/2023,473.41,211.08,81.3
27/07/2023,474.01,198.46,51.1
28/07/2023,474.75,279.58,51.9
29/07/2023,475.69,304.71,55.8
30/07/2023,476.66,390.04,52.3
31/07/2023,478.09,543.36,51.6
01/08/2023,479.96,557,48
02/08/2023,480.21,187.88,130.7
03/08/2023,480.32,187.61,141.2
04/08/2023,480.51,168.99,87.9
05/08/2023,480.81,172.8,68.5
06/08/2023,481.08,165.67,53.4
07/08/2023,481.5,165.21,15.7
08/08/2023,481.72,168.77,168.8
09/08/2023,481.7,184.64,198
10/08/2023,481.65,185.36,198
11/08/2023,481.77,192.49,149.4
12/08/2023,481.75,161.2,182.6
13/08/2023,481.77,154.51,98.5
14/08/2023,482.06,173.4,72.2
15/08/2023,482.26,186.35,140.8
16/08/2023,482.33,173.03,161.2
17/08/2023,482.47,186.22,145.6
18/08/2023,482.62,191.82,108.6
19/08/2023,482.86,195.59,99.5
20/08/2023,483.15,236.33,135.8
21/08/2023,483.55,196.86,36
22/08/2023,483.9,175.27,131.7
23/08/2023,484.02,189.35,142.7
24/08/2023,484.19,190.49,132.7
25/08/2023,484.3,243.83,171.5
26/08/2023,484.58,197.34,142.1
27/08/2023,484.83,217.32,73.3
28/08/2023,485.26,254.26,34.5
29/08/2023,485.7,210.68,122.8
30/08/2023,485.83,183.2,143
31/08/2023,485.84,175.62,184
01/09/2023,485.85,201.42,184
02/09/2023,485.88,203.1,182.5
03/09/2023,486.15,199.94,50.4
04/09/2023,486.22,167,194.3
05/09/2023,486.21,190.95,182
06/09/2023,486.22,174.34,182
07/09/2023,486.22,162.28,182
08/09/2023,486.15,164.59,182
09/09/2023,486.1,168.47,182
10/09/2023,486.09,173.22,182
11/09/2023,486.03,147.58,182
12/09/2023,485.94,136.28,183.4
13/09/2023,485.82,127.97,184
14/09/2023,485.68,120.16,184
15/09/2023,485.53,130.98,184.7
16/09/2023,485.41,134.36,186
17/09/2023,485.28,115.86,186
18/09/2023,485.11,120.94,186
19/09/2023,485.04,132.47,186
20/09/2023,484.82,143.77,186
21/09/2023,484.73,166.47,186
22/09/2023,484.7,166.1,186
23/09/2023,484.61,177.6,186
24/09/2023,484.61,174.88,186
25/09/2023,484.56,181.94,188
26/09/2023,484.57,198.33,188
27/09/2023,484.59,187.19,188
28/09/2023,484.54,158.63,188
29/09/2023,484.48,165.97,188
30/09/2023,484.41,174.27,188
01/10/2023,484.41,194.18,188
02/10/2023,484.65,256.69,117
03/10/2023,485.07,319.1,162.2
04/10/2023,485.45,312.85,133.7
05/10/2023,485.92,306.08,119
06/10/2023,486.28,249.81,136
07/10/2023,486.4,225.65,206.6
08/10/2023,486.42,222.44,206
09/10/2023,486.47,221.88,221.2
10/10/2023,486.34,170.54,188.4
11/10/2023,486.33,143.71,131.7
12/10/2023,486.36,146.58,141
13/10/2023,486.42,182.42,142.8
14/10/2023,486.41,155.96,193.9
15/10/2023,486.33,143.83,172.7
16/10/2023,486.39,183.33,111.5
17/10/2023,486.4,145.17,190.6
18/10/2023,486.42,195.33,153.5
19/10/2023,486.42,179.52,134.8
20/10/2023,486.42,163.71,116.1
21/10/2023,486.54,166.71,95.8
22/10/2023,486.79,148.58,40.3
23/10/2023,487.02,168.17,64.5
24/10/2023,487.24,151.46,110.8
25/10/2023,487.25,198.71,154.3
26/10/2023,487.36,189.25,188
27/10/2023,487.31,171.08,196.3
28/10/2023,487.24,165.96,196.3
29/10/2023,487.18,164.67,159.5
30/10/2023,487.35,154.92,101
31/10/2023,487.33,138.25,110.4
01/11/2023,487.43,116.08,141
02/11/2023,487.27,122.13,196.3
03/11/2023,487.15,128.63,121.9
04/11/2023,487.32,131,70
05/11/2023,487.42,121.46,78.6
06/11/2023,487.46,115.25,107.6
07/11/2023,487.44,121.04,112.7
08/11/2023,487.46,121.33,138.9
09/11/2023,487.46,146.5,126.3
10/11/2023,487.45,128.08,140.9
11/11/2023,487.45,115.92,108.5
12/11/2023,487.45,109,114.4
13/11/2023,487.45,96.04,118.8
14/11/2023,487.43,103.25,114
15/11/2023,487.39,155.63,111.1
16/11/2023,487.43,174.38,194.3
17/11/2023,487.45,231.42,205.3
18/11/2023,487.47,193.33,194.4
19/11/2023,487.43,147.33,183.1
20/11/2023,487.36,133.21,126.3
21/11/2023,487.45,118.17,108.3
22/11/2023,487.43,112.92,148.8
23/11/2023,487.44,114.29,99.8
24/11/2023,487.36,93.46,104.1
25/11/2023,487.44,90.33,89
26/11/2023,487.39,90.63,48.8
27/11/2023,487.47,105.25,118.4
28/11/2023,487.45,106.67,121.2
29/11/2023,487.43,90.96,88.4
30/11/2023,487.35,83.67,134.1
01/12/2023,487.32,106.25,89.8
02/12/2023,487.31,93,122.2
03/12/2023,487.38,149.5,53.9
04/12/2023,487.47,132.75,156.7
05/12/2023,487.42,123.33,127.5
06/12/2023,487.43,117.38,108.3
07/12/2023,487.46,98.21,124
08/12/2023,487.35,113.79,73.9
09/12/2023,487.28,87.63,113.3
10/12/2023,487.23,85.83,113.4
11/12/2023,487.19,79.13,73.4
12/12/2023,487.28,85.67,50.1
13/12/2023,487.34,79.83,65.4
14/12/2023,487.28,73.04,113.3
15/12/2023,487.21,71.08,103.3
16/12/2023,487.16,73.96,85.8
17/12/2023,487.15,70.58,54
18/12/2023,487.18,73.13,73.5
19/12/2023,487.18,82.13,72.5
20/12/2023,487.16,70.83,84.1
21/12/2023,487.15,64,76.9
22/12/2023,487.12,62.96,81.3
23/12/2023,487.11,72.54,54.6
24/12/2023,487.18,71.79,37.1
25/12/2023,487.25,64.54,44.9
26/12/2023,487.29,75.96,63.1
27/12/2023,487.24,59.92,98.6
28/12/2023,487.16,64.92,80.7
29/12/2023,487.13,63.33,78
30/12/2023,487.1,64.08,73
31/12/2023,487.16,62.04,8.1
01/01/2024,487.23,55.79,50.1
02/01/2024,487.17,56.88,110.9
03/01/2024,487.11,57.21,62.8
04/01/2024,487.08,54.33,67.6
05/01/2024,487.02,47.08,95.9
06/01/2024,486.91,50,94.6
07/01/2024,486.81,49.67,90
08/01/2024,486.7,45.96,103.4
09/01/2024,486.56,45.58,99.9
10/01/2024,486.46,49.75,73.1
11/01/2024,486.41,48.63,69.8
12/01/2024,486.34,43.79,92.7
13/01/2024,486.22,44.63,84.2
14/01/2024,486.15,47.21,68.7
15/01/2024,486.07,37.71,75.9
16/01/2024,485.99,40.5,88.6
17/01/2024,485.88,38.71,86.8
18/01/2024,485.76,38.71,98.3
19/01/2024,485.63,38.58,89.2
20/01/2024,485.55,32.38,54.9
21/01/2024,485.52,41.04,51.1
22/01/2024,485.47,32.88,54.3
23/01/2024,485.44,43.17,53.3
24/01/2024,485.4,35.25,52
25/01/2024,485.3,30.5,80.9
26/01/2024,485.2,31.67,73.5
27/01/2024,485.14,33.46,54.3
28/01/2024,485.08,31.5,54.8
29/01/2024,484.1,26.63,65.4
30/01/2024,484.93,41.21,59.3
31/01/2024,484.87,37.29,61.9
01/03/2024,482.15,18.71,60.7
02/03/2024,482.04,27.79,62.9
03/03/2024,481.92,20.5,62.7
04/03/2024,481.78,15.38,63
05/03/2024,481.66,29.08,62
06/03/2024,481.56,23.96,61.9
07/03/2024,481.45,26.75,63.6
08/03/2024,481.31,16.13,62
09/03/2024,481.18,15.21,60.8
10/03/2024,481.06,19.5,62
11/03/2024,480.9,7.33,61.7
12/03/2024,480.77,23.67,61
13/03/2024,480.66,20.08,62.3
14/03/2024,480.53,17.08,61
15/03/2024,480.38,13.13,60.2
16/03/2024,480.24,11.17,58.8
17/03/2024,480.11,11.75,54
18/03/2024,480.04,10.04,31
19/03/2024,479.95,27.42,28.4
20/03/2024,479.99,17.63,28.5
21/03/2024,479.87,21.5,57.2
22/03/2024,479.73,23.58,56.8
23/03/2024,479.6,22.42,57.9
24/03/2024,479.48,21.88,57.3
25/03/2024,479.32,17.33,55.9
26/03/2024,479.2,27.33,55
27/03/2024,479.09,21.13,57.4
28/03/2024,478.94,20.5,58.3
29/03/2024,478.81,28.08,56.3
30/03/2024,478.71,36.5,54.1
31/03/2024,478.66,24.21,50
01/04/2024,478.53,29.83,56.2
02/04/2024,478.46,38.33,56.5
03/04/2024,478.38,37.54,57
04/04/2024,478.3,33.29,59.8
05/04/2024,478.18,24,57
06/04/2024,478.05,22.83,56.7
07/04/2024,477.91,17.5,55.2
08/04/2024,477.76,17.67,56
09/04/2024,477.63,28.25,58.4
10/04/2024,477.49,19.54,58.7
11/04/2024,477.37,30.79,57.9
12/04/2024,477.25,19.71,56.5
13/04/2024,477.11,16.21,51.7
14/04/2024,476.98,20.83,56.1
15/04/2024,476.82,12.88,55.2
16/04/2024,476.66,15.42,56.3
17/04/2024,476.5,14.08,56.9
18/04/2024,476.35,17.42,55.1
19/04/2024,476.25,15.58,39.3
20/04/2024,476.13,30.88,57.1
21/04/2024,476.04,24.71,55.3
22/04/2024,475.88,16.13,58.3
23/04/2024,475.74,23.13,68.3
24/04/2024,475.57,22.08,69.6
25/04/2024,475.38,18.08,66.2
26/04/2024,475.21,27.25,72.5
27/04/2024,475.04,30.79,68.9
28/04/2024,474.87,29.92,60.1
29/04/2024,474.71,21.88,58.3
30/04/2024,474.59,30.13,45.7
01/05/2024,474.56,42,37.3
02/05/2024,474.6,38.21,44.9
03/05/2024,474.49,31.67,59
04/05/2024,474.36,33.21,61.2
05/05/2024,474.22,31.08,59.4
06/05/2024,474.11,22.17,53.6
07/05/2024,473.96,31.33,50.4
08/05/2024,473.97,29.67,15.6
09/05/2024,474.06,27.08,0
10/05/2024,474.14,24.33,31.1
11/05/2024,474.01,29.04,59.5
12/05/2024,473.87,26.63,60.2
13/05/2024,473.69,19.96,59.6
14/05/2024,473.52,26.25,59.3
15/05/2024,473.37,22.21,48.3
16/05/2024,473.27,30.88,58.7
17/05/2024,473.15,31.88,55.7
18/05/2024,473.06,66.54,57.9
19/05/2024,473.3,118.5,55.2
20/05/2024,473.54,82.67,48.9
21/05/2024,473.63,87.25,61.2
22/05/2024,473.82,95.21,56.4
23/05/2024,473.98,113.42,57.2
24/05/2024,474.44,118.88,30.6
25/05/2024,474.74,104.96,35
26/05/2024,474.97,110.58,64.2
27/05/2024,475.13,82.71,72.1
28/05/2024,475.13,62.25,56.1
29/05/2024,475.14,67.46,72
30/05/2024,475.14,61.5,55.7
31/05/2024,475.12,43.75,56.9
01/06/2024,476.05,37.25,54.9
02/06/2024,474.98,37.46,62.3
03/06/2024,474.86,44.92,62.7
04/06/2024,474.82,48.75,57.4
05/06/2024,474.74,57.63,95.4
06/06/2024,474.44,42.13,115
07/06/2024,474.14,62.75,127.1
08/06/2024,473.8,75.71,157.2
09/06/2024,473.46,53.42,114.4
10/06/2024,473.27,36.13,86.5
11/06/2024,472.99,47.42,98
12/06/2024,472.73,45.38,104.4
13/06/2024,472.45,40.54,97.2
14/06/2024,472.25,37.33,55.3
15/06/2024,472.12,44.67,92.5
16/06/2024,471.93,36.04,72
17/06/2024,471.75,31,58
18/06/2024,471.59,43.58,116.4
19/06/2024,471.41,47.04,51.6
20/06/2024,471.19,56.88,143.3
21/06/2024,470.85,73.04,136.1
22/06/2024,470.69,70.08,71.9
23/06/2024,470.62,53.21,84.5
24/06/2024,470.41,51.67,100.5
25/06/2024,470.24,59.29,77.1
26/06/2024,470.14,57.92,93.9
27/06/2024,469.96,66.25,87.5
28/06/2024,469.98,76.88,54.9
29/06/2024,470.09,68.21,53.6
30/06/2024,470.11,47.5,51.1
01/07/2024,470.06,42.5,82.9
02/07/2024,469.86,57.79,88.9
03/07/2024,469.69,48.5,52
04/07/2024,469.74,59.08,48.8
05/07/2024,469.82,74.21,48.1
06/07/2024,469.96,68.42,52.4
07/07/2024,470.01,63.58,54.1
08/07/2024,470.12,92.29,78.8
09/07/2024,470.14,84,86.1
10/07/2024,470.17,97.58,84.8
11/07/2024,470.13,82.25,106.8
12/07/2024,470.05,75.63,83.8
13/07/2024,470.02,92.38,83.4
14/07/2024,470.16,120.58,69.5
15/07/2024,470.54,203.63,102.7
16/07/2024,470.76,165,167.3
17/07/2024,470.63,116.25,158.4
18/07/2024,470.45,124.42,155.9
19/07/2024,470.37,154.71,154.6
20/07/2024,470.7,301.29,157.4
21/07/2024,471.61,307.92,73.2
22/07/2024,472.38,262.88,166.4
23/07/2024,473.02,263.63,100
24/07/2024,473.77,213.04,53.4
25/07/2024,474.31,193.5,126.7
26/07/2024,474.58,156.17,98.6
27/07/2024,474.78,175.71,112.8
28/07/2024,475.27,203.42,49.1
29/07/2024,475.84,185.71,83.5
30/07/2024,476.17,175.42,57.9
31/07/2024,476.71,164.63,49.2
01/08/2024,476.94,136.5,115.5
02/08/2024,477.11,178.38,115.2
03/08/2024,477.34,168.83,119.2
04/08/2024,477.37,131.33,118.9
05/08/2024,477.53,169.42,119.4
06/08/2024,477.67,131.42,107.2
07/08/2024,477.61,130.17,162.4
08/08/2024,477.74,174.96,113.7
09/08/2024,477.9,144.25,128.3
10/08/2024,477.88,124.92,136.5
11/08/2024,477.89,111.96,97.8
12/08/2024,477.74,90.46,166
13/08/2024,477.53,93.71,141.1
14/08/2024,477.32,94.29,152.1
15/08/2024,477.03,105.21,176.2
16/08/2024,476.79,101.88,167.7
17/08/2024,476.57,112.04,160.6
18/08/2024,476.42,125.67,118.4
19/08/2024,476.4,113.33,171.5
20/08/2024,476.11,92.33,172.5
21/08/2024,475.92,126.38,153.7
22/08/2024,475.76,126.46,175.5
23/08/2024,475.59,121.54,160.1
24/08/2024,475.48,127.75,152.3
25/08/2024,475.43,131.29,118
26/08/2024,475.54,211.13,161.2
27/08/2024,475.69,168.67,165.8
28/08/2024,475.71,169.54,144.4
29/08/2024,475.9,132.83,69.5
30/08/2024,476.45,266.58,66.9
31/08/2024,477.02,237.42,127.8
01/09/2024,477.56,241.58,62.5
02/09/2024,478.16,192.5,47.8
03/09/2024,478.78,211.46,63.7
04/09/2024,479.27,197.25,109.6
05/09/2024,479.65,246.54,104.9
06/09/2024,480.27,292.67,79.3
07/09/2024,481.01,315.92,66.3
08/09/2024,481.75,295.42,41.6
09/09/2024,482.41,223.83,47.6
10/09/2024,482.87,208.21,76.9
11/09/2024,483.13,211.42,117.5
12/09/2024,483.44,182.29,81.3
13/09/2024,483.77,160.83,69.4
14/09/2024,483.94,228.25,163.8
15/09/2024,484.11,265.04,206
16/09/2024,484.28,255.63,203
17/09/2024,484.48,273.71,204.3
18/09/2024,484.81,376.46,210.9
19/09/2024,485.26,386.96,245.8
20/09/2024,485.42,309,254.6
21/09/2024,485.52,268,250.3
